order_id,customer_id,order_status,order_date,required_date,shipped_date,store_id,staff_id,status
1,259,4,01/01/16,03/01/16,03/01/16,1,2,Delivered
2,1212,4,01/01/16,04/01/16,03/01/16,2,6,Delivered
3,523,4,02/01/16,05/01/16,03/01/16,2,7,Delivered
4,175,4,03/01/16,04/01/16,05/01/16,1,3,Delivered
5,1324,4,03/01/16,06/01/16,06/01/16,2,6,Delivered
6,94,4,04/01/16,07/01/16,05/01/16,2,6,Delivered
7,324,4,04/01/16,07/01/16,05/01/16,2,6,Delivered
8,1204,4,04/01/16,05/01/16,05/01/16,2,7,Delivered
9,60,4,05/01/16,08/01/16,08/01/16,1,2,Delivered
10,442,4,05/01/16,06/01/16,06/01/16,2,6,Delivered
11,1326,4,05/01/16,08/01/16,07/01/16,2,7,Delivered
12,91,4,06/01/16,08/01/16,09/01/16,1,2,Delivered
13,873,4,08/01/16,11/01/16,11/01/16,2,6,Delivered
14,258,4,09/01/16,11/01/16,12/01/16,1,3,Delivered
15,450,4,09/01/16,10/01/16,12/01/16,2,7,Delivered
16,552,4,12/01/16,15/01/16,15/01/16,1,3,Delivered
17,1175,4,12/01/16,14/01/16,14/01/16,1,3,Delivered
18,541,4,14/01/16,17/01/16,15/01/16,1,3,Delivered
19,696,4,14/01/16,17/01/16,16/01/16,1,2,Delivered
20,923,4,14/01/16,16/01/16,17/01/16,1,2,Delivered
21,1250,4,15/01/16,16/01/16,18/01/16,2,6,Delivered
22,1035,4,16/01/16,18/01/16,17/01/16,1,2,Delivered
23,1149,4,16/01/16,19/01/16,19/01/16,1,2,Delivered
24,636,4,18/01/16,20/01/16,19/01/16,2,7,Delivered
25,657,4,18/01/16,21/01/16,21/01/16,2,6,Delivered
26,1280,4,18/01/16,21/01/16,19/01/16,2,7,Delivered
27,57,4,19/01/16,21/01/16,20/01/16,2,7,Delivered
28,252,4,19/01/16,20/01/16,21/01/16,2,6,Delivered
29,437,4,20/01/16,22/01/16,21/01/16,2,6,Delivered
30,1348,4,20/01/16,21/01/16,21/01/16,2,6,Delivered
31,1238,4,20/01/16,22/01/16,22/01/16,3,8,Delivered
32,1259,4,21/01/16,24/01/16,22/01/16,1,3,Delivered
33,236,4,21/01/16,22/01/16,22/01/16,2,6,Delivered
34,80,4,22/01/16,25/01/16,23/01/16,2,6,Delivered
35,813,4,22/01/16,25/01/16,24/01/16,2,7,Delivered
36,1321,4,23/01/16,24/01/16,24/01/16,2,6,Delivered
37,164,4,25/01/16,28/01/16,26/01/16,2,6,Delivered
38,583,4,25/01/16,27/01/16,26/01/16,2,7,Delivered
39,1296,4,25/01/16,26/01/16,26/01/16,2,7,Delivered
40,348,4,27/01/16,28/01/16,29/01/16,1,3,Delivered
41,979,4,27/01/16,30/01/16,29/01/16,2,6,Delivered
42,1095,4,27/01/16,28/01/16,30/01/16,2,7,Delivered
43,1434,4,27/01/16,28/01/16,30/01/16,2,7,Delivered
44,861,4,28/01/16,31/01/16,30/01/16,2,7,Delivered
45,1220,4,28/01/16,31/01/16,31/01/16,2,7,Delivered
46,746,4,29/01/16,31/01/16,31/01/16,2,7,Delivered
47,1234,4,29/01/16,30/01/16,31/01/16,2,7,Delivered
48,1012,4,30/01/16,01/02/16,02/02/16,2,7,Delivered
49,608,4,31/01/16,01/02/16,02/02/16,2,6,Delivered
50,872,4,31/01/16,03/02/16,02/02/16,3,8,Delivered
51,1047,4,01/02/16,02/02/16,03/02/16,2,7,Delivered
52,767,4,03/02/16,04/02/16,05/02/16,1,2,Delivered
53,965,4,03/02/16,04/02/16,05/02/16,2,6,Delivered
54,535,4,04/02/16,07/02/16,07/02/16,2,7,Delivered
55,1173,4,04/02/16,07/02/16,06/02/16,2,6,Delivered
56,1241,4,04/02/16,06/02/16,07/02/16,2,6,Delivered
57,1305,4,04/02/16,06/02/16,06/02/16,2,7,Delivered
58,504,4,05/02/16,07/02/16,07/02/16,2,6,Delivered
59,563,4,05/02/16,07/02/16,06/02/16,2,7,Delivered
60,151,4,06/02/16,08/02/16,07/02/16,1,3,Delivered
61,277,4,06/02/16,09/02/16,09/02/16,2,7,Delivered
62,208,4,07/02/16,10/02/16,10/02/16,1,2,Delivered
63,1075,4,07/02/16,09/02/16,09/02/16,2,7,Delivered
64,1185,4,07/02/16,08/02/16,09/02/16,2,6,Delivered
65,996,4,08/02/16,09/02/16,11/02/16,2,6,Delivered
66,1253,4,09/02/16,12/02/16,12/02/16,2,7,Delivered
67,526,4,09/02/16,11/02/16,10/02/16,3,8,Delivered
68,381,4,10/02/16,11/02/16,13/02/16,2,6,Delivered
69,1413,4,10/02/16,12/02/16,11/02/16,2,7,Delivered
70,50,3,11/02/16,11/02/16,NA,3,9,Shipped
71,797,4,11/02/16,14/02/16,12/02/16,2,7,Delivered
72,1386,4,12/02/16,15/02/16,13/02/16,1,2,Delivered
73,612,4,12/02/16,15/02/16,14/02/16,2,7,Delivered
74,264,4,13/02/16,15/02/16,15/02/16,2,7,Delivered
75,587,4,14/02/16,15/02/16,17/02/16,2,6,Delivered
76,9,3,16/02/16,16/02/16,NA,2,6,Shipped
77,385,4,16/02/16,19/02/16,19/02/16,1,2,Delivered
78,1182,4,16/02/16,18/02/16,19/02/16,2,7,Delivered
79,529,4,17/02/16,20/02/16,20/02/16,1,3,Delivered
80,397,4,17/02/16,20/02/16,19/02/16,2,6,Delivered
81,521,4,17/02/16,19/02/16,18/02/16,2,6,Delivered
82,1223,4,18/02/16,21/02/16,20/02/16,2,6,Delivered
83,393,4,19/02/16,20/02/16,20/02/16,1,3,Delivered
84,317,4,20/02/16,22/02/16,21/02/16,2,7,Delivered
85,1174,4,20/02/16,23/02/16,21/02/16,2,7,Delivered
86,276,4,21/02/16,22/02/16,23/02/16,2,7,Delivered
87,516,4,21/02/16,22/02/16,23/02/16,2,6,Delivered
88,1069,4,21/02/16,22/02/16,23/02/16,2,6,Delivered
89,668,4,21/02/16,24/02/16,24/02/16,3,8,Delivered
90,414,4,23/02/16,25/02/16,24/02/16,2,7,Delivered
91,648,4,25/02/16,27/02/16,28/02/16,1,2,Delivered
92,1309,4,25/02/16,28/02/16,28/02/16,2,7,Delivered
93,1328,4,26/02/16,28/02/16,27/02/16,1,3,Delivered
94,929,4,27/02/16,28/02/16,29/02/16,1,2,Delivered
95,218,4,27/02/16,29/02/16,28/02/16,2,7,Delivered
96,1094,4,27/02/16,29/02/16,28/02/16,2,7,Delivered
97,204,4,28/02/16,29/02/16,01/03/16,2,7,Delivered
98,1194,4,28/02/16,29/02/16,29/02/16,2,6,Delivered
99,1165,4,29/02/16,01/03/16,03/03/16,3,9,Delivered
100,1237,4,01/03/16,04/03/16,03/03/16,2,7,Delivered
101,271,4,01/03/16,04/03/16,04/03/16,3,8,Delivered
102,336,4,02/03/16,05/03/16,03/03/16,2,7,Delivered
103,991,4,03/03/16,06/03/16,05/03/16,1,2,Delivered
104,7,4,03/03/16,05/03/16,05/03/16,2,7,Delivered
105,306,4,03/03/16,05/03/16,04/03/16,2,7,Delivered
106,422,4,04/03/16,05/03/16,05/03/16,3,9,Delivered
107,633,4,06/03/16,09/03/16,09/03/16,1,2,Delivered
108,12,4,06/03/16,09/03/16,07/03/16,2,6,Delivered
109,1255,4,06/03/16,09/03/16,09/03/16,2,6,Delivered
110,677,4,06/03/16,08/03/16,09/03/16,3,9,Delivered
111,630,4,07/03/16,10/03/16,10/03/16,2,6,Delivered
112,469,4,08/03/16,11/03/16,10/03/16,2,6,Delivered
113,1078,4,08/03/16,11/03/16,11/03/16,2,6,Delivered
114,1431,4,08/03/16,10/03/16,11/03/16,2,7,Delivered
115,1369,4,09/03/16,11/03/16,11/03/16,2,7,Delivered
116,471,4,10/03/16,11/03/16,11/03/16,2,7,Delivered
117,740,4,10/03/16,13/03/16,11/03/16,2,6,Delivered
118,577,4,12/03/16,14/03/16,13/03/16,1,2,Delivered
119,925,4,12/03/16,14/03/16,14/03/16,2,7,Delivered
120,327,4,14/03/16,15/03/16,17/03/16,2,7,Delivered
121,755,4,14/03/16,15/03/16,16/03/16,2,6,Delivered
122,786,4,14/03/16,16/03/16,15/03/16,2,6,Delivered
123,766,4,15/03/16,18/03/16,17/03/16,2,6,Delivered
124,403,4,16/03/16,18/03/16,17/03/16,1,3,Delivered
125,685,4,16/03/16,19/03/16,17/03/16,2,6,Delivered
126,1365,4,16/03/16,18/03/16,18/03/16,2,7,Delivered
127,484,4,17/03/16,18/03/16,19/03/16,3,8,Delivered
128,86,4,18/03/16,20/03/16,21/03/16,2,6,Delivered
129,84,4,19/03/16,21/03/16,21/03/16,2,7,Delivered
130,1049,4,19/03/16,22/03/16,20/03/16,2,6,Delivered
131,316,4,19/03/16,22/03/16,20/03/16,3,8,Delivered
132,46,4,20/03/16,22/03/16,23/03/16,1,3,Delivered
133,409,4,20/03/16,22/03/16,21/03/16,2,7,Delivered
134,679,4,20/03/16,21/03/16,21/03/16,2,7,Delivered
135,1354,4,21/03/16,23/03/16,23/03/16,2,7,Delivered
136,1192,4,21/03/16,24/03/16,23/03/16,3,8,Delivered
137,370,4,23/03/16,26/03/16,25/03/16,2,7,Delivered
138,438,4,23/03/16,24/03/16,25/03/16,2,7,Delivered
139,710,4,23/03/16,24/03/16,26/03/16,2,7,Delivered
140,1264,4,23/03/16,26/03/16,26/03/16,2,7,Delivered
141,557,4,25/03/16,27/03/16,26/03/16,2,7,Delivered
142,170,4,26/03/16,27/03/16,27/03/16,1,3,Delivered
143,693,4,26/03/16,28/03/16,28/03/16,2,7,Delivered
144,1124,4,26/03/16,29/03/16,29/03/16,2,7,Delivered
145,366,4,27/03/16,29/03/16,30/03/16,2,6,Delivered
146,288,4,28/03/16,30/03/16,30/03/16,1,3,Delivered
147,55,4,28/03/16,31/03/16,31/03/16,2,7,Delivered
148,714,4,28/03/16,30/03/16,30/03/16,2,6,Delivered
149,763,4,28/03/16,30/03/16,29/03/16,2,6,Delivered
150,332,4,29/03/16,31/03/16,01/04/16,1,2,Delivered
151,926,4,29/03/16,01/04/16,31/03/16,1,2,Delivered
152,76,4,29/03/16,30/03/16,30/03/16,2,6,Delivered
153,498,4,30/03/16,02/04/16,01/04/16,2,6,Delivered
154,1286,4,31/03/16,01/04/16,01/04/16,1,2,Delivered
155,371,4,02/04/16,03/04/16,04/04/16,2,6,Delivered
156,357,4,03/04/16,06/04/16,05/04/16,1,3,Delivered
157,43,4,03/04/16,06/04/16,06/04/16,3,8,Delivered
158,117,3,04/04/16,04/04/16,NA,3,9,Shipped
159,32,4,04/04/16,06/04/16,06/04/16,1,2,Delivered
160,205,4,04/04/16,06/04/16,06/04/16,2,7,Delivered
161,251,4,04/04/16,07/04/16,05/04/16,2,7,Delivered
162,31,4,06/04/16,08/04/16,07/04/16,1,3,Delivered
163,1325,4,06/04/16,07/04/16,07/04/16,2,7,Delivered
164,610,4,07/04/16,08/04/16,09/04/16,2,7,Delivered
165,574,4,08/04/16,10/04/16,10/04/16,1,3,Delivered
166,338,4,08/04/16,11/04/16,11/04/16,2,6,Delivered
167,1034,4,08/04/16,09/04/16,11/04/16,2,7,Delivered
168,1147,4,09/04/16,12/04/16,11/04/16,1,3,Delivered
169,99,4,10/04/16,11/04/16,11/04/16,2,7,Delivered
170,1200,4,10/04/16,11/04/16,13/04/16,2,7,Delivered
171,237,4,11/04/16,14/04/16,14/04/16,1,3,Delivered
172,1079,4,11/04/16,12/04/16,14/04/16,2,7,Delivered
173,117,4,11/04/16,14/04/16,13/04/16,3,8,Delivered
174,1361,4,12/04/16,13/04/16,15/04/16,2,7,Delivered
175,951,4,13/04/16,14/04/16,14/04/16,2,6,Delivered
176,643,4,15/04/16,16/04/16,17/04/16,2,7,Delivered
177,121,4,16/04/16,19/04/16,19/04/16,1,2,Delivered
178,756,4,16/04/16,17/04/16,18/04/16,2,6,Delivered
179,616,4,17/04/16,19/04/16,19/04/16,2,6,Delivered
180,918,4,17/04/16,20/04/16,19/04/16,2,7,Delivered
181,459,4,18/04/16,20/04/16,20/04/16,1,3,Delivered
182,854,4,18/04/16,19/04/16,20/04/16,2,6,Delivered
183,22,4,19/04/16,20/04/16,20/04/16,2,7,Delivered
184,134,4,19/04/16,21/04/16,22/04/16,2,7,Delivered
185,24,3,20/04/16,20/04/16,NA,1,2,Shipped
186,1127,4,21/04/16,22/04/16,24/04/16,2,6,Delivered
187,183,4,22/04/16,23/04/16,24/04/16,2,6,Delivered
188,390,4,22/04/16,23/04/16,25/04/16,2,6,Delivered
189,1288,4,23/04/16,24/04/16,26/04/16,1,2,Delivered
190,98,4,23/04/16,25/04/16,25/04/16,2,6,Delivered
191,919,4,27/04/16,28/04/16,28/04/16,1,2,Delivered
192,728,4,27/04/16,28/04/16,29/04/16,2,7,Delivered
193,1366,4,28/04/16,30/04/16,30/04/16,1,3,Delivered
194,558,4,28/04/16,30/04/16,01/05/16,2,7,Delivered
195,727,4,28/04/16,01/05/16,01/05/16,2,7,Delivered
196,1247,4,28/04/16,30/04/16,01/05/16,2,6,Delivered
197,127,4,30/04/16,03/05/16,03/05/16,2,7,Delivered
198,640,4,01/05/16,04/05/16,03/05/16,2,6,Delivered
199,760,4,01/05/16,04/05/16,04/05/16,2,7,Delivered
200,1074,4,01/05/16,03/05/16,03/05/16,2,6,Delivered
201,280,4,01/05/16,04/05/16,02/05/16,3,9,Delivered
202,600,4,03/05/16,05/05/16,04/05/16,1,2,Delivered
203,1102,4,03/05/16,05/05/16,06/05/16,3,9,Delivered
204,591,4,04/05/16,07/05/16,06/05/16,2,7,Delivered
205,635,4,04/05/16,05/05/16,06/05/16,2,6,Delivered
206,743,4,04/05/16,06/05/16,05/05/16,3,9,Delivered
207,105,4,05/05/16,07/05/16,07/05/16,2,7,Delivered
208,815,4,06/05/16,07/05/16,09/05/16,2,7,Delivered
209,514,4,07/05/16,08/05/16,08/05/16,2,6,Delivered
210,943,4,07/05/16,08/05/16,09/05/16,2,6,Delivered
211,1140,4,07/05/16,09/05/16,08/05/16,2,6,Delivered
212,1373,4,08/05/16,09/05/16,11/05/16,2,6,Delivered
213,788,4,08/05/16,09/05/16,09/05/16,3,8,Delivered
214,363,4,10/05/16,12/05/16,11/05/16,2,6,Delivered
215,1420,4,10/05/16,13/05/16,12/05/16,2,7,Delivered
216,267,4,11/05/16,14/05/16,13/05/16,1,3,Delivered
217,716,4,11/05/16,12/05/16,14/05/16,2,7,Delivered
218,1179,4,12/05/16,14/05/16,14/05/16,2,7,Delivered
219,1338,4,12/05/16,15/05/16,15/05/16,2,6,Delivered
220,1358,4,12/05/16,14/05/16,15/05/16,2,6,Delivered
221,1218,4,13/05/16,16/05/16,14/05/16,1,2,Delivered
222,51,4,13/05/16,16/05/16,14/05/16,2,6,Delivered
223,1368,4,15/05/16,16/05/16,17/05/16,2,7,Delivered
224,157,4,17/05/16,18/05/16,19/05/16,1,3,Delivered
225,307,4,17/05/16,20/05/16,19/05/16,1,3,Delivered
226,501,4,17/05/16,19/05/16,20/05/16,1,2,Delivered
227,489,4,17/05/16,18/05/16,20/05/16,2,7,Delivered
228,615,4,17/05/16,20/05/16,20/05/16,2,7,Delivered
229,742,4,19/05/16,21/05/16,20/05/16,2,6,Delivered
230,1167,4,19/05/16,20/05/16,21/05/16,2,6,Delivered
231,1257,4,19/05/16,22/05/16,21/05/16,2,6,Delivered
232,1360,4,20/05/16,23/05/16,23/05/16,1,3,Delivered
233,737,4,21/05/16,22/05/16,24/05/16,2,6,Delivered
234,1435,4,22/05/16,24/05/16,24/05/16,2,6,Delivered
235,649,4,24/05/16,25/05/16,25/05/16,2,6,Delivered
236,206,4,25/05/16,27/05/16,26/05/16,2,6,Delivered
237,1351,4,25/05/16,26/05/16,27/05/16,2,7,Delivered
238,1350,4,26/05/16,29/05/16,29/05/16,2,6,Delivered
239,13,3,27/05/16,27/05/16,NA,3,9,Shipped
240,65,4,27/05/16,29/05/16,30/05/16,2,6,Delivered
241,1082,4,27/05/16,29/05/16,29/05/16,2,7,Delivered
242,1168,4,27/05/16,30/05/16,30/05/16,2,7,Delivered
243,802,4,27/05/16,30/05/16,28/05/16,3,8,Delivered
244,956,4,28/05/16,29/05/16,29/05/16,2,6,Delivered
245,223,4,29/05/16,31/05/16,30/05/16,2,7,Delivered
246,17,3,30/05/16,30/05/16,NA,2,6,Shipped
247,928,4,30/05/16,01/06/16,01/06/16,1,3,Delivered
248,1376,4,30/05/16,01/06/16,31/05/16,2,7,Delivered
249,145,4,01/06/16,04/06/16,04/06/16,2,6,Delivered
250,150,4,01/06/16,02/06/16,04/06/16,2,7,Delivered
251,851,4,01/06/16,04/06/16,04/06/16,2,7,Delivered
252,66,4,01/06/16,04/06/16,02/06/16,3,8,Delivered
253,1267,4,02/06/16,05/06/16,05/06/16,2,6,Delivered
254,510,4,03/06/16,06/06/16,05/06/16,2,7,Delivered
255,801,4,03/06/16,06/06/16,05/06/16,2,7,Delivered
256,26,4,04/06/16,05/06/16,07/06/16,2,7,Delivered
257,1314,4,05/06/16,06/06/16,08/06/16,1,3,Delivered
258,107,4,06/06/16,07/06/16,07/06/16,2,7,Delivered
259,413,4,06/06/16,09/06/16,09/06/16,2,7,Delivered
260,632,4,06/06/16,08/06/16,08/06/16,2,6,Delivered
261,1045,4,08/06/16,10/06/16,09/06/16,1,2,Delivered
262,579,4,08/06/16,11/06/16,10/06/16,3,9,Delivered
263,1322,4,09/06/16,10/06/16,12/06/16,2,6,Delivered
264,5,3,10/06/16,10/06/16,NA,1,3,Shipped
265,682,4,10/06/16,12/06/16,11/06/16,2,7,Delivered
266,933,4,10/06/16,13/06/16,13/06/16,2,7,Delivered
267,282,4,11/06/16,14/06/16,14/06/16,1,3,Delivered
268,540,4,11/06/16,14/06/16,12/06/16,1,3,Delivered
269,764,4,12/06/16,13/06/16,15/06/16,2,6,Delivered
270,879,4,12/06/16,15/06/16,13/06/16,2,7,Delivered
271,350,4,13/06/16,16/06/16,14/06/16,2,7,Delivered
272,497,4,15/06/16,18/06/16,16/06/16,2,7,Delivered
273,1340,4,16/06/16,19/06/16,17/06/16,2,7,Delivered
274,411,4,17/06/16,20/06/16,18/06/16,2,7,Delivered
275,1341,4,17/06/16,19/06/16,18/06/16,2,7,Delivered
276,1227,4,18/06/16,19/06/16,19/06/16,2,6,Delivered
277,546,4,19/06/16,20/06/16,20/06/16,2,7,Delivered
278,1301,4,20/06/16,23/06/16,21/06/16,1,3,Delivered
279,378,4,21/06/16,22/06/16,22/06/16,2,6,Delivered
280,638,4,21/06/16,22/06/16,23/06/16,2,7,Delivered
281,800,4,21/06/16,22/06/16,23/06/16,2,7,Delivered
282,159,4,22/06/16,25/06/16,25/06/16,3,9,Delivered
283,181,4,23/06/16,26/06/16,26/06/16,1,2,Delivered
284,1356,4,23/06/16,25/06/16,25/06/16,2,7,Delivered
285,319,4,25/06/16,26/06/16,27/06/16,1,2,Delivered
286,59,4,25/06/16,26/06/16,26/06/16,2,6,Delivered
287,133,4,25/06/16,26/06/16,27/06/16,2,6,Delivered
288,780,4,25/06/16,28/06/16,28/06/16,2,6,Delivered
289,849,4,27/06/16,28/06/16,30/06/16,2,6,Delivered
290,202,4,28/06/16,29/06/16,30/06/16,2,6,Delivered
291,158,4,29/06/16,30/06/16,01/07/16,2,6,Delivered
292,360,4,29/06/16,30/06/16,02/07/16,3,9,Delivered
293,573,4,30/06/16,03/07/16,02/07/16,2,7,Delivered
294,732,4,01/07/16,02/07/16,02/07/16,2,7,Delivered
295,1130,4,01/07/16,04/07/16,04/07/16,2,7,Delivered
296,1245,4,04/07/16,07/07/16,06/07/16,2,6,Delivered
297,1425,4,04/07/16,05/07/16,06/07/16,2,7,Delivered
298,885,4,04/07/16,07/07/16,07/07/16,3,9,Delivered
299,281,4,05/07/16,06/07/16,07/07/16,2,6,Delivered
300,1205,4,05/07/16,08/07/16,08/07/16,2,6,Delivered
301,17,4,06/07/16,09/07/16,08/07/16,2,6,Delivered
302,1375,4,06/07/16,07/07/16,09/07/16,2,6,Delivered
303,36,4,07/07/16,08/07/16,09/07/16,2,7,Delivered
304,230,4,07/07/16,08/07/16,08/07/16,2,6,Delivered
305,705,4,07/07/16,08/07/16,08/07/16,2,7,Delivered
306,424,4,09/07/16,10/07/16,12/07/16,2,7,Delivered
307,695,4,09/07/16,11/07/16,11/07/16,2,6,Delivered
308,156,4,11/07/16,12/07/16,14/07/16,2,6,Delivered
309,211,4,11/07/16,13/07/16,13/07/16,2,6,Delivered
310,627,4,12/07/16,13/07/16,13/07/16,1,2,Delivered
311,1400,4,12/07/16,14/07/16,13/07/16,2,6,Delivered
312,299,4,13/07/16,15/07/16,16/07/16,2,6,Delivered
313,565,4,14/07/16,15/07/16,15/07/16,3,9,Delivered
314,1019,4,15/07/16,17/07/16,17/07/16,2,7,Delivered
315,1263,4,16/07/16,19/07/16,17/07/16,2,6,Delivered
316,670,4,17/07/16,20/07/16,19/07/16,2,7,Delivered
317,795,4,17/07/16,20/07/16,19/07/16,2,7,Delivered
318,1141,4,17/07/16,19/07/16,20/07/16,2,7,Delivered
319,941,4,18/07/16,21/07/16,21/07/16,2,6,Delivered
320,1428,4,19/07/16,20/07/16,21/07/16,1,2,Delivered
321,568,4,19/07/16,22/07/16,21/07/16,2,6,Delivered
322,924,4,19/07/16,22/07/16,20/07/16,2,6,Delivered
323,1243,4,19/07/16,22/07/16,21/07/16,2,6,Delivered
324,480,4,20/07/16,22/07/16,23/07/16,2,6,Delivered
325,848,4,20/07/16,21/07/16,21/07/16,2,6,Delivered
326,1337,4,20/07/16,21/07/16,22/07/16,3,9,Delivered
327,83,4,21/07/16,24/07/16,22/07/16,2,6,Delivered
328,528,4,23/07/16,26/07/16,25/07/16,2,6,Delivered
329,274,4,24/07/16,27/07/16,26/07/16,2,6,Delivered
330,622,4,24/07/16,27/07/16,27/07/16,2,6,Delivered
331,642,4,24/07/16,26/07/16,25/07/16,2,6,Delivered
332,659,4,24/07/16,26/07/16,26/07/16,2,7,Delivered
333,779,4,25/07/16,27/07/16,26/07/16,2,6,Delivered
334,1112,4,25/07/16,28/07/16,27/07/16,2,7,Delivered
335,1193,4,25/07/16,27/07/16,26/07/16,2,6,Delivered
336,1030,4,26/07/16,29/07/16,27/07/16,2,7,Delivered
337,1252,4,26/07/16,27/07/16,28/07/16,2,7,Delivered
338,1333,4,28/07/16,29/07/16,30/07/16,1,3,Delivered
339,1110,4,28/07/16,31/07/16,29/07/16,2,7,Delivered
340,963,4,29/07/16,30/07/16,31/07/16,2,7,Delivered
341,1357,4,31/07/16,03/08/16,01/08/16,1,3,Delivered
342,806,4,31/07/16,01/08/16,03/08/16,2,7,Delivered
343,961,4,31/07/16,02/08/16,01/08/16,2,7,Delivered
344,750,4,01/08/16,03/08/16,02/08/16,2,6,Delivered
345,1299,4,01/08/16,04/08/16,03/08/16,2,6,Delivered
346,584,4,01/08/16,03/08/16,02/08/16,3,9,Delivered
347,1004,4,02/08/16,03/08/16,05/08/16,2,6,Delivered
348,907,4,02/08/16,05/08/16,04/08/16,3,9,Delivered
349,30,3,03/08/16,03/08/16,NA,1,3,Shipped
350,31,3,03/08/16,03/08/16,NA,1,3,Shipped
351,1307,4,03/08/16,06/08/16,04/08/16,1,2,Delivered
352,16,4,03/08/16,04/08/16,06/08/16,2,7,Delivered
353,1387,4,03/08/16,06/08/16,06/08/16,2,7,Delivered
354,551,4,03/08/16,05/08/16,06/08/16,3,8,Delivered
355,1011,4,03/08/16,05/08/16,05/08/16,3,8,Delivered
356,1189,4,04/08/16,07/08/16,06/08/16,2,6,Delivered
357,14,3,05/08/16,05/08/16,NA,3,8,Shipped
358,1042,4,05/08/16,07/08/16,07/08/16,2,7,Delivered
359,441,4,07/08/16,10/08/16,10/08/16,2,7,Delivered
360,1300,4,07/08/16,09/08/16,10/08/16,2,6,Delivered
361,994,4,08/08/16,09/08/16,11/08/16,2,6,Delivered
362,187,4,09/08/16,11/08/16,11/08/16,1,2,Delivered
363,834,4,11/08/16,12/08/16,13/08/16,3,8,Delivered
364,373,4,12/08/16,14/08/16,13/08/16,2,6,Delivered
365,981,4,13/08/16,14/08/16,15/08/16,2,6,Delivered
366,1054,4,13/08/16,14/08/16,14/08/16,3,9,Delivered
367,527,4,14/08/16,15/08/16,15/08/16,2,7,Delivered
368,995,4,14/08/16,15/08/16,17/08/16,2,7,Delivered
369,1285,4,15/08/16,18/08/16,18/08/16,1,3,Delivered
370,758,4,15/08/16,18/08/16,18/08/16,2,7,Delivered
371,891,4,15/08/16,16/08/16,18/08/16,2,7,Delivered
372,132,4,16/08/16,18/08/16,18/08/16,2,6,Delivered
373,337,4,16/08/16,19/08/16,17/08/16,2,7,Delivered
374,1313,4,17/08/16,19/08/16,18/08/16,1,2,Delivered
375,536,4,17/08/16,20/08/16,20/08/16,2,7,Delivered
376,825,4,17/08/16,19/08/16,18/08/16,2,6,Delivered
377,1355,4,17/08/16,19/08/16,20/08/16,2,6,Delivered
378,475,4,17/08/16,20/08/16,20/08/16,3,9,Delivered
379,954,4,18/08/16,21/08/16,21/08/16,2,7,Delivered
380,1156,4,19/08/16,20/08/16,21/08/16,2,7,Delivered
381,1297,4,19/08/16,21/08/16,21/08/16,2,7,Delivered
382,199,4,20/08/16,23/08/16,23/08/16,2,6,Delivered
383,331,4,20/08/16,23/08/16,22/08/16,2,7,Delivered
384,410,4,20/08/16,22/08/16,23/08/16,2,7,Delivered
385,1274,4,20/08/16,23/08/16,22/08/16,2,7,Delivered
386,1362,4,20/08/16,23/08/16,23/08/16,2,6,Delivered
387,451,4,20/08/16,21/08/16,21/08/16,3,8,Delivered
388,1080,4,21/08/16,24/08/16,23/08/16,3,8,Delivered
389,53,4,22/08/16,24/08/16,25/08/16,1,3,Delivered
390,576,4,22/08/16,24/08/16,25/08/16,3,9,Delivered
391,61,3,23/08/16,23/08/16,NA,3,9,Shipped
392,176,4,23/08/16,26/08/16,24/08/16,1,3,Delivered
393,368,4,25/08/16,26/08/16,27/08/16,2,6,Delivered
394,522,4,26/08/16,28/08/16,29/08/16,1,3,Delivered
395,144,4,26/08/16,27/08/16,29/08/16,2,6,Delivered
396,542,4,27/08/16,30/08/16,29/08/16,2,6,Delivered
397,1437,4,28/08/16,31/08/16,29/08/16,2,7,Delivered
398,447,4,29/08/16,30/08/16,01/09/16,1,2,Delivered
399,1001,4,29/08/16,01/09/16,01/09/16,2,7,Delivered
400,1295,4,29/08/16,30/08/16,31/08/16,2,6,Delivered
401,103,4,30/08/16,02/09/16,01/09/16,2,6,Delivered
402,1335,4,30/08/16,01/09/16,31/08/16,2,6,Delivered
403,578,4,31/08/16,01/09/16,02/09/16,1,3,Delivered
404,396,4,31/08/16,03/09/16,01/09/16,2,7,Delivered
405,603,4,31/08/16,01/09/16,01/09/16,2,6,Delivered
406,1380,4,31/08/16,02/09/16,01/09/16,2,7,Delivered
407,77,3,01/09/16,01/09/16,NA,3,8,Shipped
408,1071,4,01/09/16,02/09/16,02/09/16,1,2,Delivered
409,416,4,01/09/16,04/09/16,04/09/16,2,7,Delivered
410,1151,4,01/09/16,03/09/16,02/09/16,2,6,Delivered
411,261,4,02/09/16,04/09/16,04/09/16,1,3,Delivered
412,1202,4,02/09/16,04/09/16,04/09/16,1,3,Delivered
413,717,4,02/09/16,05/09/16,03/09/16,2,6,Delivered
414,917,4,03/09/16,06/09/16,06/09/16,2,7,Delivered
415,1265,4,03/09/16,06/09/16,06/09/16,2,7,Delivered
416,1377,4,03/09/16,04/09/16,06/09/16,2,7,Delivered
417,359,4,04/09/16,05/09/16,06/09/16,1,3,Delivered
418,88,4,04/09/16,05/09/16,05/09/16,2,6,Delivered
419,14,4,04/09/16,07/09/16,06/09/16,3,8,Delivered
420,72,4,05/09/16,06/09/16,07/09/16,1,3,Delivered
421,240,4,05/09/16,06/09/16,08/09/16,1,3,Delivered
422,398,4,06/09/16,07/09/16,09/09/16,2,6,Delivered
423,1397,4,06/09/16,09/09/16,09/09/16,2,7,Delivered
424,67,4,08/09/16,11/09/16,11/09/16,1,3,Delivered
425,843,4,08/09/16,11/09/16,11/09/16,2,6,Delivered
426,944,4,08/09/16,10/09/16,10/09/16,2,6,Delivered
427,434,4,09/09/16,10/09/16,11/09/16,1,2,Delivered
428,1039,4,09/09/16,12/09/16,10/09/16,2,6,Delivered
429,153,4,10/09/16,12/09/16,12/09/16,3,8,Delivered
430,272,4,11/09/16,13/09/16,12/09/16,2,6,Delivered
431,1217,4,11/09/16,12/09/16,12/09/16,2,6,Delivered
432,169,4,12/09/16,15/09/16,14/09/16,1,2,Delivered
433,1062,4,12/09/16,15/09/16,13/09/16,2,6,Delivered
434,726,4,13/09/16,15/09/16,14/09/16,2,6,Delivered
435,77,4,14/09/16,15/09/16,16/09/16,3,9,Delivered
436,791,4,16/09/16,19/09/16,19/09/16,2,7,Delivered
437,1085,4,16/09/16,18/09/16,18/09/16,2,7,Delivered
438,314,4,16/09/16,19/09/16,18/09/16,3,8,Delivered
439,149,4,17/09/16,20/09/16,18/09/16,2,6,Delivered
440,882,4,17/09/16,18/09/16,19/09/16,2,7,Delivered
441,704,4,18/09/16,19/09/16,19/09/16,1,2,Delivered
442,667,4,18/09/16,21/09/16,21/09/16,2,7,Delivered
443,1371,4,18/09/16,19/09/16,20/09/16,2,6,Delivered
444,30,4,19/09/16,20/09/16,21/09/16,1,2,Delivered
445,362,4,19/09/16,22/09/16,22/09/16,2,6,Delivered
446,399,4,19/09/16,21/09/16,20/09/16,2,7,Delivered
447,808,4,20/09/16,23/09/16,22/09/16,3,8,Delivered
448,101,4,21/09/16,22/09/16,24/09/16,2,6,Delivered
449,492,4,21/09/16,24/09/16,22/09/16,2,7,Delivered
450,575,4,21/09/16,24/09/16,23/09/16,2,7,Delivered
451,1146,4,21/09/16,23/09/16,22/09/16,2,7,Delivered
452,997,4,22/09/16,23/09/16,24/09/16,2,7,Delivered
453,1028,4,22/09/16,24/09/16,25/09/16,2,7,Delivered
454,988,4,23/09/16,25/09/16,26/09/16,2,6,Delivered
455,1055,4,23/09/16,24/09/16,24/09/16,2,7,Delivered
456,1061,4,23/09/16,26/09/16,25/09/16,3,9,Delivered
457,1349,4,24/09/16,27/09/16,27/09/16,1,3,Delivered
458,197,4,25/09/16,28/09/16,26/09/16,2,6,Delivered
459,874,4,25/09/16,28/09/16,26/09/16,2,6,Delivered
460,691,4,25/09/16,27/09/16,26/09/16,3,8,Delivered
461,853,4,26/09/16,27/09/16,27/09/16,2,7,Delivered
462,852,4,27/09/16,28/09/16,29/09/16,2,6,Delivered
463,964,4,27/09/16,28/09/16,28/09/16,3,8,Delivered
464,74,4,28/09/16,30/09/16,29/09/16,2,7,Delivered
465,1198,4,28/09/16,01/10/16,01/10/16,2,6,Delivered
466,1440,4,28/09/16,29/09/16,01/10/16,2,7,Delivered
467,555,4,28/09/16,30/09/16,30/09/16,3,8,Delivered
468,1261,4,29/09/16,02/10/16,30/09/16,1,3,Delivered
469,1089,4,29/09/16,02/10/16,02/10/16,2,7,Delivered
470,641,4,30/09/16,02/10/16,02/10/16,1,3,Delivered
471,697,4,30/09/16,02/10/16,01/10/16,1,3,Delivered
472,468,4,30/09/16,01/10/16,01/10/16,2,7,Delivered
473,549,4,30/09/16,02/10/16,03/10/16,2,7,Delivered
474,553,4,01/10/16,04/10/16,04/10/16,1,3,Delivered
475,241,4,01/10/16,04/10/16,03/10/16,2,7,Delivered
476,559,4,01/10/16,04/10/16,02/10/16,2,6,Delivered
477,449,4,02/10/16,05/10/16,04/10/16,1,2,Delivered
478,304,4,02/10/16,05/10/16,03/10/16,2,7,Delivered
479,984,4,03/10/16,04/10/16,04/10/16,2,6,Delivered
480,686,4,04/10/16,07/10/16,05/10/16,1,3,Delivered
481,481,4,04/10/16,07/10/16,06/10/16,3,9,Delivered
482,513,4,05/10/16,06/10/16,06/10/16,2,6,Delivered
483,703,4,06/10/16,07/10/16,09/10/16,1,2,Delivered
484,421,4,06/10/16,09/10/16,07/10/16,2,7,Delivered
485,465,4,06/10/16,08/10/16,07/10/16,2,7,Delivered
486,709,4,06/10/16,08/10/16,09/10/16,2,7,Delivered
487,827,4,06/10/16,09/10/16,09/10/16,2,6,Delivered
488,921,4,06/10/16,09/10/16,08/10/16,2,6,Delivered
489,899,4,06/10/16,08/10/16,08/10/16,3,8,Delivered
490,876,4,07/10/16,10/10/16,09/10/16,2,6,Delivered
491,1048,4,08/10/16,10/10/16,11/10/16,1,2,Delivered
492,191,4,09/10/16,10/10/16,12/10/16,1,2,Delivered
493,796,4,09/10/16,12/10/16,11/10/16,1,3,Delivered
494,875,4,09/10/16,10/10/16,11/10/16,2,6,Delivered
495,712,4,10/10/16,12/10/16,13/10/16,1,3,Delivered
496,193,4,10/10/16,12/10/16,11/10/16,2,6,Delivered
497,785,4,10/10/16,11/10/16,11/10/16,2,6,Delivered
498,1331,4,10/10/16,12/10/16,11/10/16,2,6,Delivered
499,260,4,11/10/16,14/10/16,13/10/16,1,2,Delivered
500,148,4,11/10/16,12/10/16,13/10/16,2,6,Delivered
501,977,4,11/10/16,12/10/16,13/10/16,2,7,Delivered
502,401,4,12/10/16,13/10/16,13/10/16,3,9,Delivered
503,932,4,13/10/16,16/10/16,14/10/16,2,6,Delivered
504,1381,4,14/10/16,15/10/16,15/10/16,1,2,Delivered
505,721,4,14/10/16,16/10/16,17/10/16,2,6,Delivered
506,831,4,14/10/16,16/10/16,16/10/16,2,6,Delivered
507,1378,4,15/10/16,17/10/16,17/10/16,1,3,Delivered
508,1359,4,15/10/16,18/10/16,18/10/16,2,6,Delivered
509,235,4,16/10/16,17/10/16,17/10/16,2,7,Delivered
510,586,4,17/10/16,18/10/16,18/10/16,2,7,Delivered
511,377,4,18/10/16,20/10/16,19/10/16,2,7,Delivered
512,8,4,19/10/16,22/10/16,20/10/16,2,7,Delivered
513,155,4,19/10/16,21/10/16,21/10/16,2,6,Delivered
514,927,4,19/10/16,21/10/16,20/10/16,2,7,Delivered
515,986,4,19/10/16,20/10/16,22/10/16,2,6,Delivered
516,111,4,21/10/16,23/10/16,24/10/16,2,6,Delivered
517,613,4,21/10/16,22/10/16,24/10/16,2,6,Delivered
518,1374,4,22/10/16,24/10/16,25/10/16,1,2,Delivered
519,54,4,22/10/16,23/10/16,24/10/16,2,7,Delivered
520,639,4,23/10/16,26/10/16,24/10/16,2,7,Delivered
521,664,4,23/10/16,25/10/16,25/10/16,2,6,Delivered
522,724,4,23/10/16,24/10/16,24/10/16,2,7,Delivered
523,1056,4,24/10/16,26/10/16,27/10/16,2,6,Delivered
524,569,4,25/10/16,26/10/16,27/10/16,1,2,Delivered
525,1315,4,26/10/16,28/10/16,29/10/16,1,3,Delivered
526,1096,4,26/10/16,28/10/16,28/10/16,2,6,Delivered
527,506,4,27/10/16,29/10/16,28/10/16,1,2,Delivered
528,676,4,28/10/16,31/10/16,31/10/16,2,7,Delivered
529,753,4,28/10/16,30/10/16,31/10/16,2,7,Delivered
530,773,4,28/10/16,31/10/16,31/10/16,2,6,Delivered
531,116,4,28/10/16,29/10/16,30/10/16,3,8,Delivered
532,817,4,29/10/16,31/10/16,30/10/16,2,7,Delivered
533,1334,4,29/10/16,01/11/16,01/11/16,2,6,Delivered
534,1406,4,29/10/16,30/10/16,31/10/16,2,7,Delivered
535,835,4,29/10/16,31/10/16,01/11/16,3,9,Delivered
536,759,4,31/10/16,02/11/16,01/11/16,1,3,Delivered
537,1353,4,31/10/16,01/11/16,03/11/16,1,2,Delivered
538,341,4,02/11/16,05/11/16,05/11/16,2,6,Delivered
539,1144,4,02/11/16,04/11/16,03/11/16,2,7,Delivered
540,1429,4,03/11/16,05/11/16,06/11/16,1,3,Delivered
541,1228,4,04/11/16,07/11/16,07/11/16,1,3,Delivered
542,313,4,04/11/16,06/11/16,05/11/16,2,7,Delivered
543,62,4,06/11/16,09/11/16,08/11/16,2,6,Delivered
544,321,4,06/11/16,07/11/16,08/11/16,2,7,Delivered
545,1108,4,08/11/16,10/11/16,09/11/16,3,9,Delivered
546,470,4,09/11/16,12/11/16,10/11/16,2,7,Delivered
547,20,4,09/11/16,11/11/16,10/11/16,3,8,Delivered
548,739,4,11/11/16,13/11/16,13/11/16,2,7,Delivered
549,64,3,12/11/16,12/11/16,NA,3,9,Shipped
550,892,4,12/11/16,14/11/16,15/11/16,2,7,Delivered
551,1169,4,12/11/16,13/11/16,13/11/16,2,6,Delivered
552,1282,4,12/11/16,15/11/16,13/11/16,2,7,Delivered
553,913,4,12/11/16,13/11/16,15/11/16,3,9,Delivered
554,104,4,13/11/16,14/11/16,16/11/16,1,3,Delivered
555,212,4,13/11/16,14/11/16,16/11/16,2,7,Delivered
556,61,4,13/11/16,14/11/16,15/11/16,3,9,Delivered
557,1248,4,14/11/16,17/11/16,15/11/16,2,6,Delivered
558,1443,4,15/11/16,16/11/16,17/11/16,2,7,Delivered
559,959,4,16/11/16,17/11/16,17/11/16,1,2,Delivered
560,1405,4,18/11/16,19/11/16,21/11/16,2,6,Delivered
561,90,4,19/11/16,22/11/16,22/11/16,2,6,Delivered
562,942,4,19/11/16,20/11/16,22/11/16,2,7,Delivered
563,365,4,20/11/16,22/11/16,21/11/16,2,6,Delivered
564,1058,4,20/11/16,23/11/16,22/11/16,2,7,Delivered
565,894,4,21/11/16,22/11/16,22/11/16,2,7,Delivered
566,298,4,22/11/16,25/11/16,23/11/16,1,3,Delivered
567,1430,4,22/11/16,23/11/16,23/11/16,1,2,Delivered
568,1275,4,23/11/16,25/11/16,24/11/16,1,3,Delivered
569,707,4,23/11/16,24/11/16,25/11/16,2,6,Delivered
570,989,4,23/11/16,24/11/16,25/11/16,2,6,Delivered
571,5,4,24/11/16,25/11/16,27/11/16,1,2,Delivered
572,178,4,24/11/16,26/11/16,26/11/16,2,6,Delivered
573,423,4,24/11/16,26/11/16,27/11/16,2,6,Delivered
574,833,4,26/11/16,27/11/16,29/11/16,2,7,Delivered
575,33,4,27/11/16,28/11/16,30/11/16,1,3,Delivered
576,1272,4,27/11/16,30/11/16,28/11/16,1,3,Delivered
577,445,4,27/11/16,30/11/16,29/11/16,2,6,Delivered
578,819,4,27/11/16,28/11/16,29/11/16,2,7,Delivered
579,160,4,27/11/16,30/11/16,29/11/16,3,8,Delivered
580,581,4,30/11/16,02/12/16,02/12/16,1,3,Delivered
581,688,4,03/12/16,05/12/16,06/12/16,1,3,Delivered
582,32,3,04/12/16,04/12/16,NA,1,2,Shipped
583,792,4,04/12/16,05/12/16,07/12/16,2,7,Delivered
584,1209,4,04/12/16,05/12/16,05/12/16,2,7,Delivered
585,1219,4,04/12/16,05/12/16,05/12/16,2,7,Delivered
586,1306,4,04/12/16,06/12/16,05/12/16,2,6,Delivered
587,487,4,06/12/16,08/12/16,08/12/16,1,2,Delivered
588,102,4,06/12/16,07/12/16,07/12/16,2,7,Delivered
589,719,4,06/12/16,07/12/16,07/12/16,2,7,Delivered
590,990,4,06/12/16,09/12/16,07/12/16,2,7,Delivered
591,1211,4,06/12/16,09/12/16,09/12/16,2,7,Delivered
592,1232,4,06/12/16,08/12/16,08/12/16,2,7,Delivered
593,50,4,07/12/16,10/12/16,08/12/16,3,8,Delivered
594,1318,4,07/12/16,08/12/16,08/12/16,3,8,Delivered
595,538,4,08/12/16,09/12/16,11/12/16,1,2,Delivered
596,952,4,08/12/16,09/12/16,09/12/16,1,3,Delivered
597,1121,4,08/12/16,09/12/16,10/12/16,2,6,Delivered
598,40,3,09/12/16,09/12/16,NA,1,3,Shipped
599,1,4,09/12/16,10/12/16,12/12/16,2,6,Delivered
600,624,4,09/12/16,12/12/16,11/12/16,2,7,Delivered
601,683,4,09/12/16,10/12/16,10/12/16,2,6,Delivered
602,823,4,09/12/16,10/12/16,11/12/16,2,6,Delivered
603,1032,4,09/12/16,10/12/16,10/12/16,2,7,Delivered
604,96,4,10/12/16,13/12/16,12/12/16,2,7,Delivered
605,1208,4,10/12/16,11/12/16,12/12/16,2,6,Delivered
606,18,4,11/12/16,12/12/16,13/12/16,2,7,Delivered
607,309,4,11/12/16,14/12/16,13/12/16,2,6,Delivered
608,1103,4,12/12/16,15/12/16,14/12/16,1,3,Delivered
609,896,4,12/12/16,13/12/16,14/12/16,2,7,Delivered
610,711,4,13/12/16,15/12/16,14/12/16,2,6,Delivered
611,1073,4,15/12/16,17/12/16,18/12/16,2,7,Delivered
612,634,4,16/12/16,17/12/16,17/12/16,2,7,Delivered
613,1159,4,17/12/16,19/12/16,19/12/16,2,7,Delivered
614,654,4,18/12/16,21/12/16,21/12/16,1,2,Delivered
615,560,4,19/12/16,22/12/16,21/12/16,3,9,Delivered
616,1444,4,20/12/16,23/12/16,23/12/16,2,6,Delivered
617,118,4,21/12/16,23/12/16,23/12/16,2,7,Delivered
618,131,4,21/12/16,22/12/16,22/12/16,2,6,Delivered
619,454,4,22/12/16,25/12/16,25/12/16,2,7,Delivered
620,466,4,22/12/16,24/12/16,24/12/16,2,6,Delivered
621,1157,4,23/12/16,25/12/16,24/12/16,2,6,Delivered
622,1398,4,23/12/16,26/12/16,25/12/16,2,7,Delivered
623,678,4,24/12/16,26/12/16,27/12/16,2,6,Delivered
624,814,4,24/12/16,25/12/16,27/12/16,2,6,Delivered
625,1163,4,25/12/16,28/12/16,26/12/16,1,2,Delivered
626,130,4,25/12/16,28/12/16,27/12/16,2,7,Delivered
627,1119,4,25/12/16,26/12/16,28/12/16,2,6,Delivered
628,561,4,26/12/16,29/12/16,27/12/16,1,3,Delivered
629,973,4,26/12/16,27/12/16,29/12/16,1,2,Delivered
630,1404,4,26/12/16,27/12/16,28/12/16,2,6,Delivered
631,855,4,27/12/16,29/12/16,29/12/16,1,3,Delivered
632,163,4,27/12/16,29/12/16,29/12/16,2,7,Delivered
633,1040,4,28/12/16,31/12/16,30/12/16,3,8,Delivered
634,27,4,29/12/16,01/01/17,30/12/16,2,6,Delivered
635,520,4,30/12/16,02/01/17,31/12/16,2,6,Delivered
636,532,4,03/01/17,04/01/17,05/01/17,1,2,Delivered
637,512,4,03/01/17,05/01/17,05/01/17,2,6,Delivered
638,1302,4,04/01/17,05/01/17,06/01/17,2,7,Delivered
639,550,4,06/01/17,07/01/17,07/01/17,2,6,Delivered
640,1093,4,06/01/17,08/01/17,07/01/17,2,6,Delivered
641,673,4,07/01/17,10/01/17,08/01/17,1,3,Delivered
642,847,4,07/01/17,09/01/17,10/01/17,2,7,Delivered
643,901,4,08/01/17,09/01/17,11/01/17,1,3,Delivered
644,439,4,08/01/17,11/01/17,10/01/17,2,6,Delivered
645,1199,4,08/01/17,11/01/17,10/01/17,2,6,Delivered
646,975,4,09/01/17,12/01/17,11/01/17,1,2,Delivered
647,283,4,09/01/17,10/01/17,11/01/17,2,7,Delivered
648,684,4,09/01/17,11/01/17,11/01/17,2,6,Delivered
649,1153,4,10/01/17,11/01/17,13/01/17,1,3,Delivered
650,729,4,11/01/17,14/01/17,12/01/17,1,2,Delivered
651,190,4,11/01/17,13/01/17,13/01/17,2,7,Delivered
652,985,4,12/01/17,15/01/17,13/01/17,3,9,Delivered
653,1249,4,14/01/17,17/01/17,15/01/17,1,2,Delivered
654,1129,4,14/01/17,15/01/17,17/01/17,2,7,Delivered
655,347,4,16/01/17,17/01/17,18/01/17,1,3,Delivered
656,949,4,16/01/17,17/01/17,18/01/17,2,7,Delivered
657,349,4,17/01/17,19/01/17,20/01/17,1,2,Delivered
658,1051,4,17/01/17,18/01/17,18/01/17,2,7,Delivered
659,1391,4,17/01/17,19/01/17,18/01/17,2,7,Delivered
660,383,4,18/01/17,19/01/17,19/01/17,2,7,Delivered
661,626,4,18/01/17,19/01/17,20/01/17,2,6,Delivered
662,1125,4,19/01/17,20/01/17,20/01/17,1,3,Delivered
663,344,4,20/01/17,22/01/17,23/01/17,1,3,Delivered
664,681,4,20/01/17,23/01/17,22/01/17,2,7,Delivered
665,29,4,21/01/17,22/01/17,23/01/17,2,6,Delivered
666,770,4,21/01/17,22/01/17,24/01/17,2,7,Delivered
667,858,4,22/01/17,24/01/17,25/01/17,2,7,Delivered
668,297,4,22/01/17,23/01/17,24/01/17,3,8,Delivered
669,745,4,23/01/17,24/01/17,26/01/17,2,7,Delivered
670,361,4,24/01/17,25/01/17,25/01/17,2,6,Delivered
671,922,4,25/01/17,28/01/17,26/01/17,2,7,Delivered
672,908,4,26/01/17,29/01/17,29/01/17,2,6,Delivered
673,64,4,26/01/17,28/01/17,27/01/17,3,9,Delivered
674,733,4,27/01/17,28/01/17,29/01/17,2,6,Delivered
675,291,4,28/01/17,31/01/17,30/01/17,2,7,Delivered
676,790,4,28/01/17,30/01/17,31/01/17,2,7,Delivered
677,809,4,28/01/17,31/01/17,30/01/17,2,7,Delivered
678,250,4,28/01/17,29/01/17,31/01/17,3,9,Delivered
679,81,4,29/01/17,30/01/17,30/01/17,1,3,Delivered
680,245,4,29/01/17,01/02/17,30/01/17,1,3,Delivered
681,499,4,29/01/17,01/02/17,31/01/17,2,7,Delivered
682,614,4,29/01/17,30/01/17,30/01/17,2,6,Delivered
683,741,4,29/01/17,31/01/17,01/02/17,2,6,Delivered
684,762,4,31/01/17,01/02/17,02/02/17,2,6,Delivered
685,976,4,31/01/17,03/02/17,02/02/17,2,7,Delivered
686,380,4,01/02/17,03/02/17,04/02/17,2,7,Delivered
687,530,4,02/02/17,05/02/17,04/02/17,1,3,Delivered
688,343,4,02/02/17,03/02/17,05/02/17,2,7,Delivered
689,884,4,02/02/17,03/02/17,05/02/17,2,7,Delivered
690,1097,4,03/02/17,04/02/17,06/02/17,1,2,Delivered
691,1081,4,04/02/17,06/02/17,06/02/17,2,7,Delivered
692,2,3,05/02/17,05/02/17,NA,1,3,Shipped
693,1233,4,05/02/17,07/02/17,06/02/17,1,3,Delivered
694,58,4,05/02/17,06/02/17,08/02/17,2,7,Delivered
695,606,4,05/02/17,08/02/17,07/02/17,2,7,Delivered
696,1242,4,05/02/17,08/02/17,08/02/17,2,7,Delivered
697,562,4,06/02/17,08/02/17,09/02/17,1,2,Delivered
698,543,4,06/02/17,08/02/17,09/02/17,3,8,Delivered
699,958,4,06/02/17,08/02/17,09/02/17,3,9,Delivered
700,4,4,07/02/17,10/02/17,08/02/17,2,6,Delivered
701,850,4,07/02/17,08/02/17,09/02/17,3,9,Delivered
702,1352,4,08/02/17,09/02/17,11/02/17,1,3,Delivered
703,417,4,08/02/17,09/02/17,09/02/17,2,7,Delivered
704,1137,4,08/02/17,09/02/17,11/02/17,2,6,Delivered
705,1196,4,08/02/17,11/02/17,11/02/17,2,7,Delivered
706,1271,4,09/02/17,12/02/17,10/02/17,1,2,Delivered
707,79,4,09/02/17,11/02/17,11/02/17,2,7,Delivered
708,660,4,10/02/17,12/02/17,11/02/17,1,2,Delivered
709,1162,4,11/02/17,13/02/17,12/02/17,2,6,Delivered
710,295,4,13/02/17,15/02/17,16/02/17,2,6,Delivered
711,1246,4,13/02/17,16/02/17,14/02/17,2,6,Delivered
712,173,4,13/02/17,14/02/17,16/02/17,3,9,Delivered
713,207,4,13/02/17,14/02/17,15/02/17,3,8,Delivered
714,805,4,14/02/17,17/02/17,15/02/17,2,7,Delivered
715,12,3,15/02/17,15/02/17,NA,2,6,Shipped
716,672,4,15/02/17,17/02/17,18/02/17,2,6,Delivered
717,1312,4,15/02/17,18/02/17,17/02/17,2,6,Delivered
718,38,4,16/02/17,17/02/17,17/02/17,2,7,Delivered
719,200,4,16/02/17,19/02/17,18/02/17,2,6,Delivered
720,382,4,16/02/17,19/02/17,19/02/17,2,6,Delivered
721,625,4,16/02/17,19/02/17,17/02/17,2,7,Delivered
722,1399,4,18/02/17,20/02/17,21/02/17,2,7,Delivered
723,845,4,19/02/17,21/02/17,22/02/17,2,6,Delivered
724,864,4,19/02/17,22/02/17,21/02/17,2,6,Delivered
725,870,4,19/02/17,22/02/17,22/02/17,2,7,Delivered
726,969,4,19/02/17,22/02/17,20/02/17,2,6,Delivered
727,962,4,19/02/17,22/02/17,21/02/17,3,9,Delivered
728,1138,4,20/02/17,21/02/17,23/02/17,1,3,Delivered
729,897,4,20/02/17,22/02/17,21/02/17,2,7,Delivered
730,500,4,21/02/17,24/02/17,22/02/17,2,6,Delivered
731,910,4,25/02/17,27/02/17,27/02/17,3,9,Delivered
732,147,4,26/02/17,27/02/17,01/03/17,2,7,Delivered
733,832,4,26/02/17,01/03/17,27/02/17,2,7,Delivered
734,939,4,26/02/17,28/02/17,01/03/17,3,9,Delivered
735,20,3,27/02/17,27/02/17,NA,3,9,Shipped
736,184,4,27/02/17,28/02/17,28/02/17,2,7,Delivered
737,694,4,27/02/17,01/03/17,28/02/17,2,6,Delivered
738,124,4,28/02/17,01/03/17,03/03/17,1,2,Delivered
739,49,4,28/02/17,01/03/17,02/03/17,2,6,Delivered
740,1113,4,28/02/17,01/03/17,02/03/17,2,6,Delivered
741,119,4,28/02/17,01/03/17,01/03/17,3,8,Delivered
742,433,4,28/02/17,01/03/17,01/03/17,3,9,Delivered
743,137,4,01/03/17,04/03/17,04/03/17,2,6,Delivered
744,166,4,01/03/17,02/03/17,02/03/17,2,7,Delivered
745,698,4,01/03/17,03/03/17,03/03/17,2,7,Delivered
746,391,4,02/03/17,04/03/17,05/03/17,1,3,Delivered
747,87,4,03/03/17,04/03/17,05/03/17,1,3,Delivered
748,1072,4,03/03/17,05/03/17,04/03/17,3,8,Delivered
749,255,4,04/03/17,07/03/17,05/03/17,2,7,Delivered
750,232,4,04/03/17,07/03/17,05/03/17,3,8,Delivered
751,731,4,05/03/17,08/03/17,07/03/17,1,3,Delivered
752,335,4,05/03/17,06/03/17,07/03/17,2,6,Delivered
753,1201,4,05/03/17,08/03/17,08/03/17,2,7,Delivered
754,646,4,06/03/17,07/03/17,08/03/17,1,2,Delivered
755,531,4,06/03/17,07/03/17,07/03/17,2,6,Delivered
756,1143,4,06/03/17,07/03/17,09/03/17,2,6,Delivered
757,1336,4,06/03/17,08/03/17,09/03/17,2,7,Delivered
758,953,4,06/03/17,08/03/17,07/03/17,3,9,Delivered
759,284,4,07/03/17,09/03/17,08/03/17,2,7,Delivered
760,1104,4,07/03/17,10/03/17,10/03/17,2,6,Delivered
761,1291,4,07/03/17,08/03/17,10/03/17,2,7,Delivered
762,572,4,08/03/17,09/03/17,09/03/17,2,6,Delivered
763,842,4,08/03/17,10/03/17,09/03/17,3,9,Delivered
764,701,4,09/03/17,10/03/17,12/03/17,1,2,Delivered
765,1152,4,09/03/17,11/03/17,12/03/17,1,2,Delivered
766,141,4,09/03/17,11/03/17,12/03/17,2,6,Delivered
767,564,4,09/03/17,10/03/17,11/03/17,2,7,Delivered
768,841,4,09/03/17,12/03/17,10/03/17,2,7,Delivered
769,946,4,09/03/17,11/03/17,11/03/17,2,6,Delivered
770,135,4,09/03/17,11/03/17,11/03/17,3,9,Delivered
771,671,4,11/03/17,14/03/17,12/03/17,1,3,Delivered
772,448,4,11/03/17,12/03/17,13/03/17,2,7,Delivered
773,1385,4,11/03/17,12/03/17,12/03/17,2,6,Delivered
774,690,4,12/03/17,14/03/17,14/03/17,2,6,Delivered
775,968,4,12/03/17,13/03/17,13/03/17,2,6,Delivered
776,490,4,13/03/17,15/03/17,16/03/17,2,6,Delivered
777,496,4,13/03/17,16/03/17,16/03/17,2,6,Delivered
778,56,3,15/03/17,15/03/17,NA,3,9,Shipped
779,367,4,15/03/17,16/03/17,18/03/17,2,6,Delivered
780,592,4,15/03/17,17/03/17,17/03/17,2,6,Delivered
781,1018,4,15/03/17,16/03/17,17/03/17,2,6,Delivered
782,1298,4,15/03/17,16/03/17,18/03/17,2,7,Delivered
783,1343,4,16/03/17,19/03/17,17/03/17,1,2,Delivered
784,430,4,16/03/17,19/03/17,19/03/17,2,7,Delivered
785,794,4,18/03/17,19/03/17,20/03/17,1,2,Delivered
786,249,4,18/03/17,20/03/17,19/03/17,2,6,Delivered
787,700,4,18/03/17,20/03/17,19/03/17,3,9,Delivered
788,1363,4,18/03/17,20/03/17,20/03/17,3,9,Delivered
789,772,4,19/03/17,20/03/17,20/03/17,2,6,Delivered
790,1015,4,19/03/17,21/03/17,22/03/17,2,7,Delivered
791,432,4,20/03/17,22/03/17,23/03/17,2,6,Delivered
792,479,4,22/03/17,23/03/17,24/03/17,2,6,Delivered
793,653,4,23/03/17,24/03/17,24/03/17,2,6,Delivered
794,863,4,23/03/17,25/03/17,24/03/17,2,7,Delivered
795,992,4,23/03/17,25/03/17,26/03/17,2,7,Delivered
796,154,4,23/03/17,26/03/17,25/03/17,3,9,Delivered
797,374,4,24/03/17,26/03/17,26/03/17,2,7,Delivered
798,619,4,26/03/17,28/03/17,29/03/17,1,3,Delivered
799,607,4,27/03/17,28/03/17,29/03/17,1,3,Delivered
800,1057,4,27/03/17,29/03/17,28/03/17,2,6,Delivered
801,78,4,28/03/17,29/03/17,30/03/17,1,2,Delivered
802,340,4,28/03/17,29/03/17,30/03/17,2,6,Delivered
803,1105,4,28/03/17,31/03/17,30/03/17,3,8,Delivered
804,95,4,29/03/17,31/03/17,30/03/17,2,6,Delivered
805,420,4,29/03/17,30/03/17,01/04/17,2,6,Delivered
806,234,4,30/03/17,31/03/17,31/03/17,2,7,Delivered
807,1148,4,30/03/17,01/04/17,02/04/17,2,6,Delivered
808,315,4,31/03/17,02/04/17,02/04/17,2,6,Delivered
809,1222,4,31/03/17,03/04/17,03/04/17,2,7,Delivered
810,153,3,01/04/17,01/04/17,NA,3,8,Shipped
811,524,4,01/04/17,04/04/17,04/04/17,2,7,Delivered
812,1164,4,01/04/17,02/04/17,03/04/17,2,7,Delivered
813,1203,4,01/04/17,03/04/17,02/04/17,3,9,Delivered
814,629,4,02/04/17,05/04/17,03/04/17,2,7,Delivered
815,1251,4,03/04/17,05/04/17,04/04/17,1,3,Delivered
816,811,4,03/04/17,05/04/17,05/04/17,2,6,Delivered
817,301,4,04/04/17,05/04/17,07/04/17,2,7,Delivered
818,1319,4,04/04/17,07/04/17,07/04/17,2,6,Delivered
819,221,4,04/04/17,07/04/17,05/04/17,3,9,Delivered
820,725,4,05/04/17,08/04/17,07/04/17,2,7,Delivered
821,1181,4,05/04/17,07/04/17,08/04/17,2,7,Delivered
822,294,4,06/04/17,08/04/17,09/04/17,2,7,Delivered
823,415,4,06/04/17,07/04/17,08/04/17,3,8,Delivered
824,993,4,07/04/17,09/04/17,10/04/17,1,2,Delivered
825,10,4,07/04/17,08/04/17,09/04/17,2,7,Delivered
826,45,4,07/04/17,10/04/17,10/04/17,2,6,Delivered
827,666,4,07/04/17,10/04/17,10/04/17,2,7,Delivered
828,246,4,09/04/17,10/04/17,12/04/17,2,6,Delivered
829,674,4,09/04/17,10/04/17,10/04/17,2,7,Delivered
830,431,4,11/04/17,14/04/17,12/04/17,2,6,Delivered
831,1000,4,11/04/17,12/04/17,12/04/17,2,7,Delivered
832,1215,4,11/04/17,12/04/17,12/04/17,2,7,Delivered
833,406,4,12/04/17,14/04/17,15/04/17,2,7,Delivered
834,890,4,12/04/17,13/04/17,15/04/17,2,6,Delivered
835,940,4,13/04/17,15/04/17,14/04/17,1,2,Delivered
836,455,4,13/04/17,16/04/17,14/04/17,2,6,Delivered
837,948,4,13/04/17,16/04/17,14/04/17,2,7,Delivered
838,1395,4,14/04/17,17/04/17,15/04/17,2,7,Delivered
839,1332,4,15/04/17,18/04/17,16/04/17,1,3,Delivered
840,372,4,15/04/17,16/04/17,16/04/17,2,6,Delivered
841,428,4,15/04/17,18/04/17,17/04/17,2,7,Delivered
842,1133,4,15/04/17,18/04/17,16/04/17,2,6,Delivered
843,1059,4,16/04/17,17/04/17,19/04/17,2,7,Delivered
844,1436,4,16/04/17,17/04/17,18/04/17,2,6,Delivered
845,662,4,17/04/17,18/04/17,18/04/17,2,7,Delivered
846,715,4,17/04/17,19/04/17,19/04/17,2,6,Delivered
847,329,4,18/04/17,19/04/17,19/04/17,2,7,Delivered
848,597,4,18/04/17,20/04/17,20/04/17,2,7,Delivered
849,776,4,19/04/17,20/04/17,21/04/17,1,2,Delivered
850,1346,4,19/04/17,22/04/17,22/04/17,1,3,Delivered
851,1139,4,20/04/17,21/04/17,22/04/17,2,6,Delivered
852,13,4,21/04/17,23/04/17,22/04/17,3,9,Delivered
853,883,4,21/04/17,24/04/17,24/04/17,3,8,Delivered
854,177,4,22/04/17,25/04/17,23/04/17,2,6,Delivered
855,775,4,22/04/17,23/04/17,25/04/17,2,6,Delivered
856,477,4,23/04/17,25/04/17,26/04/17,2,6,Delivered
857,1402,4,24/04/17,25/04/17,26/04/17,2,7,Delivered
858,162,4,25/04/17,27/04/17,28/04/17,2,6,Delivered
859,644,4,25/04/17,26/04/17,26/04/17,2,6,Delivered
860,473,4,27/04/17,29/04/17,28/04/17,2,7,Delivered
861,1177,4,27/04/17,29/04/17,30/04/17,2,7,Delivered
862,1230,4,27/04/17,30/04/17,29/04/17,3,8,Delivered
863,446,4,28/04/17,30/04/17,01/05/17,2,7,Delivered
864,902,4,28/04/17,30/04/17,29/04/17,2,6,Delivered
865,974,4,29/04/17,02/05/17,01/05/17,2,6,Delivered
866,1410,4,29/04/17,30/04/17,01/05/17,2,6,Delivered
867,97,4,01/05/17,03/05/17,02/05/17,1,3,Delivered
868,868,4,01/05/17,04/05/17,02/05/17,1,3,Delivered
869,844,4,01/05/17,04/05/17,02/05/17,2,7,Delivered
870,1416,4,01/05/17,04/05/17,02/05/17,2,6,Delivered
871,358,4,02/05/17,04/05/17,03/05/17,2,7,Delivered
872,394,4,03/05/17,06/05/17,06/05/17,1,3,Delivered
873,829,4,03/05/17,05/05/17,05/05/17,2,7,Delivered
874,661,4,04/05/17,05/05/17,06/05/17,2,7,Delivered
875,386,4,05/05/17,06/05/17,08/05/17,1,3,Delivered
876,1046,4,05/05/17,08/05/17,06/05/17,2,7,Delivered
877,784,4,06/05/17,07/05/17,08/05/17,2,6,Delivered
878,224,4,07/05/17,10/05/17,09/05/17,1,3,Delivered
879,214,4,08/05/17,09/05/17,09/05/17,2,7,Delivered
880,1206,4,08/05/17,11/05/17,10/05/17,2,6,Delivered
881,1024,4,08/05/17,11/05/17,11/05/17,3,9,Delivered
882,196,4,09/05/17,12/05/17,10/05/17,2,6,Delivered
883,507,4,11/05/17,13/05/17,14/05/17,2,6,Delivered
884,871,4,11/05/17,13/05/17,12/05/17,2,7,Delivered
885,66,3,13/05/17,13/05/17,NA,3,8,Shipped
886,1396,4,13/05/17,14/05/17,15/05/17,1,2,Delivered
887,1195,4,13/05/17,15/05/17,15/05/17,2,6,Delivered
888,1038,4,14/05/17,16/05/17,16/05/17,2,7,Delivered
889,830,4,14/05/17,17/05/17,15/05/17,3,8,Delivered
890,171,4,15/05/17,18/05/17,18/05/17,2,6,Delivered
891,384,4,15/05/17,18/05/17,16/05/17,2,6,Delivered
892,651,4,15/05/17,18/05/17,17/05/17,2,7,Delivered
893,1293,4,16/05/17,19/05/17,19/05/17,2,7,Delivered
894,1320,4,16/05/17,19/05/17,19/05/17,2,6,Delivered
895,857,4,18/05/17,21/05/17,19/05/17,2,6,Delivered
896,376,4,19/05/17,22/05/17,21/05/17,3,9,Delivered
897,47,4,20/05/17,21/05/17,21/05/17,1,2,Delivered
898,352,4,20/05/17,21/05/17,22/05/17,2,6,Delivered
899,605,4,20/05/17,21/05/17,21/05/17,2,7,Delivered
900,971,4,20/05/17,21/05/17,22/05/17,2,6,Delivered
901,345,4,21/05/17,22/05/17,24/05/17,2,7,Delivered
902,1278,4,21/05/17,24/05/17,22/05/17,2,6,Delivered
903,179,4,22/05/17,23/05/17,24/05/17,2,7,Delivered
904,1020,4,23/05/17,26/05/17,24/05/17,1,2,Delivered
905,609,4,23/05/17,26/05/17,24/05/17,2,6,Delivered
906,877,4,23/05/17,26/05/17,26/05/17,2,7,Delivered
907,120,4,24/05/17,26/05/17,27/05/17,1,2,Delivered
908,402,4,25/05/17,28/05/17,27/05/17,2,7,Delivered
909,188,4,26/05/17,27/05/17,28/05/17,1,2,Delivered
910,342,4,26/05/17,28/05/17,28/05/17,2,7,Delivered
911,887,4,26/05/17,29/05/17,29/05/17,2,6,Delivered
912,519,4,27/05/17,29/05/17,29/05/17,1,2,Delivered
913,699,4,27/05/17,29/05/17,29/05/17,2,6,Delivered
914,1068,4,28/05/17,31/05/17,31/05/17,1,2,Delivered
915,215,4,28/05/17,30/05/17,30/05/17,2,6,Delivered
916,718,4,28/05/17,29/05/17,29/05/17,2,6,Delivered
917,881,4,29/05/17,31/05/17,01/06/17,1,2,Delivered
918,242,4,30/05/17,31/05/17,31/05/17,1,3,Delivered
919,781,4,30/05/17,31/05/17,31/05/17,2,7,Delivered
920,966,4,30/05/17,01/06/17,02/06/17,2,7,Delivered
921,628,4,31/05/17,02/06/17,02/06/17,2,6,Delivered
922,656,4,31/05/17,01/06/17,03/06/17,2,6,Delivered
923,769,4,31/05/17,03/06/17,02/06/17,2,7,Delivered
924,68,3,02/06/17,02/06/17,NA,3,8,Shipped
925,1316,4,02/06/17,05/06/17,03/06/17,2,7,Delivered
926,233,4,03/06/17,05/06/17,06/06/17,1,2,Delivered
927,1438,4,03/06/17,05/06/17,06/06/17,1,2,Delivered
928,957,4,05/06/17,06/06/17,06/06/17,1,3,Delivered
929,472,4,05/06/17,06/06/17,08/06/17,2,6,Delivered
930,1224,4,05/06/17,06/06/17,06/06/17,3,9,Delivered
931,631,4,07/06/17,08/06/17,08/06/17,2,6,Delivered
932,804,4,07/06/17,08/06/17,09/06/17,2,6,Delivered
933,909,4,07/06/17,10/06/17,08/06/17,2,6,Delivered
934,93,4,09/06/17,10/06/17,12/06/17,2,7,Delivered
935,43,3,10/06/17,10/06/17,NA,3,8,Shipped
936,265,4,10/06/17,13/06/17,12/06/17,2,6,Delivered
937,73,4,11/06/17,14/06/17,13/06/17,2,7,Delivered
938,129,4,11/06/17,12/06/17,12/06/17,2,6,Delivered
939,1407,4,11/06/17,12/06/17,14/06/17,2,6,Delivered
940,585,4,12/06/17,14/06/17,13/06/17,1,2,Delivered
941,736,4,12/06/17,14/06/17,14/06/17,1,2,Delivered
942,537,4,13/06/17,16/06/17,15/06/17,2,6,Delivered
943,1025,4,13/06/17,15/06/17,15/06/17,2,6,Delivered
944,138,4,14/06/17,15/06/17,17/06/17,1,3,Delivered
945,167,4,14/06/17,15/06/17,16/06/17,2,7,Delivered
946,525,4,14/06/17,16/06/17,15/06/17,2,6,Delivered
947,278,4,15/06/17,18/06/17,17/06/17,1,3,Delivered
948,618,4,15/06/17,17/06/17,17/06/17,2,6,Delivered
949,867,4,16/06/17,18/06/17,17/06/17,1,3,Delivered
950,142,4,16/06/17,19/06/17,18/06/17,2,6,Delivered
951,339,4,16/06/17,19/06/17,19/06/17,2,7,Delivered
952,355,4,16/06/17,18/06/17,18/06/17,2,7,Delivered
953,658,4,16/06/17,18/06/17,17/06/17,2,7,Delivered
954,611,4,17/06/17,20/06/17,20/06/17,2,6,Delivered
955,880,4,17/06/17,19/06/17,18/06/17,2,6,Delivered
956,1184,4,17/06/17,19/06/17,20/06/17,2,6,Delivered
957,722,4,17/06/17,20/06/17,20/06/17,3,9,Delivered
958,1276,4,18/06/17,20/06/17,19/06/17,1,2,Delivered
959,650,4,18/06/17,21/06/17,21/06/17,2,7,Delivered
960,1390,4,18/06/17,19/06/17,19/06/17,2,7,Delivered
961,82,4,19/06/17,21/06/17,22/06/17,1,2,Delivered
962,570,4,19/06/17,22/06/17,20/06/17,2,7,Delivered
963,1432,4,19/06/17,21/06/17,21/06/17,2,6,Delivered
964,404,4,20/06/17,22/06/17,22/06/17,2,7,Delivered
965,457,4,20/06/17,22/06/17,23/06/17,2,6,Delivered
966,389,4,20/06/17,22/06/17,22/06/17,3,8,Delivered
967,1323,4,21/06/17,24/06/17,24/06/17,2,6,Delivered
968,1403,4,21/06/17,23/06/17,23/06/17,2,6,Delivered
969,248,4,21/06/17,24/06/17,22/06/17,3,9,Delivered
970,836,4,22/06/17,25/06/17,23/06/17,2,7,Delivered
971,1426,4,22/06/17,23/06/17,24/06/17,3,8,Delivered
972,270,4,23/06/17,24/06/17,25/06/17,2,7,Delivered
973,238,4,24/06/17,27/06/17,27/06/17,2,6,Delivered
974,511,4,24/06/17,27/06/17,27/06/17,3,8,Delivered
975,1092,4,25/06/17,27/06/17,28/06/17,2,6,Delivered
976,1266,4,25/06/17,28/06/17,27/06/17,3,9,Delivered
977,400,4,26/06/17,28/06/17,27/06/17,2,7,Delivered
978,1123,4,26/06/17,28/06/17,27/06/17,2,6,Delivered
979,1190,4,26/06/17,29/06/17,27/06/17,2,6,Delivered
980,328,4,26/06/17,28/06/17,27/06/17,3,9,Delivered
981,687,4,26/06/17,29/06/17,28/06/17,3,8,Delivered
982,1423,4,26/06/17,29/06/17,28/06/17,3,9,Delivered
983,1158,4,27/06/17,28/06/17,29/06/17,2,6,Delivered
984,1287,4,27/06/17,28/06/17,29/06/17,2,7,Delivered
985,461,4,30/06/17,02/07/17,01/07/17,2,6,Delivered
986,556,4,30/06/17,03/07/17,01/07/17,2,7,Delivered
987,172,4,02/07/17,04/07/17,04/07/17,1,2,Delivered
988,436,4,02/07/17,04/07/17,05/07/17,2,6,Delivered
989,1145,4,02/07/17,04/07/17,03/07/17,2,6,Delivered
990,706,4,04/07/17,07/07/17,07/07/17,2,7,Delivered
991,751,4,06/07/17,07/07/17,09/07/17,1,2,Delivered
992,723,4,07/07/17,10/07/17,09/07/17,2,7,Delivered
993,1415,4,09/07/17,11/07/17,11/07/17,1,3,Delivered
994,419,4,09/07/17,11/07/17,11/07/17,2,7,Delivered
995,621,4,11/07/17,13/07/17,14/07/17,1,2,Delivered
996,915,4,11/07/17,12/07/17,12/07/17,1,2,Delivered
997,485,4,11/07/17,13/07/17,14/07/17,2,7,Delivered
998,219,4,12/07/17,13/07/17,14/07/17,2,7,Delivered
999,590,4,12/07/17,13/07/17,14/07/17,2,6,Delivered
1000,645,4,12/07/17,14/07/17,15/07/17,2,7,Delivered
1001,354,4,13/07/17,16/07/17,15/07/17,2,6,Delivered
1002,1418,4,14/07/17,16/07/17,16/07/17,1,3,Delivered
1003,503,4,14/07/17,16/07/17,16/07/17,2,7,Delivered
1004,1389,4,14/07/17,17/07/17,16/07/17,2,6,Delivered
1005,266,4,15/07/17,17/07/17,16/07/17,2,7,Delivered
1006,1070,4,15/07/17,18/07/17,17/07/17,2,7,Delivered
1007,1115,4,16/07/17,17/07/17,17/07/17,2,6,Delivered
1008,1345,4,16/07/17,18/07/17,18/07/17,2,6,Delivered
1009,1064,4,16/07/17,19/07/17,19/07/17,3,8,Delivered
1010,8,3,18/07/17,18/07/17,NA,2,7,Shipped
1011,495,4,18/07/17,21/07/17,21/07/17,1,3,Delivered
1012,620,4,18/07/17,20/07/17,20/07/17,2,7,Delivered
1013,174,4,19/07/17,22/07/17,21/07/17,2,6,Delivered
1014,748,4,19/07/17,21/07/17,21/07/17,2,6,Delivered
1015,799,4,19/07/17,22/07/17,21/07/17,2,7,Delivered
1016,1417,4,19/07/17,20/07/17,21/07/17,3,9,Delivered
1017,168,4,20/07/17,21/07/17,23/07/17,2,6,Delivered
1018,290,4,22/07/17,23/07/17,23/07/17,2,6,Delivered
1019,408,4,22/07/17,23/07/17,24/07/17,2,7,Delivered
1020,16,3,23/07/17,23/07/17,NA,2,6,Shipped
1021,125,4,23/07/17,24/07/17,26/07/17,2,6,Delivered
1022,353,4,23/07/17,26/07/17,24/07/17,2,7,Delivered
1023,356,4,23/07/17,26/07/17,25/07/17,2,6,Delivered
1024,837,4,23/07/17,25/07/17,26/07/17,2,7,Delivered
1025,1304,4,23/07/17,26/07/17,26/07/17,2,6,Delivered
1026,1370,4,26/07/17,28/07/17,29/07/17,1,2,Delivered
1027,588,4,26/07/17,28/07/17,28/07/17,2,6,Delivered
1028,1273,4,27/07/17,28/07/17,30/07/17,2,7,Delivered
1029,407,4,29/07/17,30/07/17,01/08/17,1,3,Delivered
1030,161,4,29/07/17,30/07/17,31/07/17,2,6,Delivered
1031,1308,4,30/07/17,01/08/17,02/08/17,1,2,Delivered
1032,429,4,30/07/17,02/08/17,01/08/17,2,6,Delivered
1033,582,4,30/07/17,31/07/17,02/08/17,2,7,Delivered
1034,895,4,30/07/17,31/07/17,31/07/17,2,7,Delivered
1035,1283,4,30/07/17,02/08/17,02/08/17,2,6,Delivered
1036,1442,4,30/07/17,01/08/17,31/07/17,2,6,Delivered
1037,1229,4,31/07/17,02/08/17,03/08/17,2,6,Delivered
1038,1281,4,31/07/17,01/08/17,03/08/17,2,7,Delivered
1039,1077,4,02/08/17,04/08/17,03/08/17,2,7,Delivered
1040,1225,4,04/08/17,07/08/17,05/08/17,1,2,Delivered
1041,70,4,04/08/17,06/08/17,05/08/17,2,7,Delivered
1042,539,4,06/08/17,07/08/17,07/08/17,2,7,Delivered
1043,1235,4,06/08/17,09/08/17,08/08/17,2,6,Delivered
1044,1270,4,07/08/17,10/08/17,08/08/17,2,7,Delivered
1045,185,4,07/08/17,09/08/17,10/08/17,3,9,Delivered
1046,1134,4,07/08/17,09/08/17,08/08/17,3,8,Delivered
1047,116,3,08/08/17,08/08/17,NA,3,8,Shipped
1048,777,4,08/08/17,10/08/17,09/08/17,2,7,Delivered
1049,194,4,09/08/17,11/08/17,10/08/17,1,2,Delivered
1050,239,4,09/08/17,12/08/17,12/08/17,1,3,Delivered
1051,209,4,10/08/17,11/08/17,11/08/17,2,7,Delivered
1052,460,4,10/08/17,12/08/17,13/08/17,2,6,Delivered
1053,1439,4,10/08/17,11/08/17,12/08/17,2,6,Delivered
1054,189,4,11/08/17,12/08/17,12/08/17,2,7,Delivered
1055,140,4,12/08/17,15/08/17,15/08/17,2,6,Delivered
1056,325,4,12/08/17,15/08/17,13/08/17,2,7,Delivered
1057,456,4,12/08/17,15/08/17,13/08/17,2,7,Delivered
1058,782,4,13/08/17,16/08/17,14/08/17,2,6,Delivered
1059,6,4,14/08/17,17/08/17,17/08/17,2,7,Delivered
1060,182,4,15/08/17,18/08/17,17/08/17,2,6,Delivered
1061,655,4,15/08/17,18/08/17,18/08/17,2,7,Delivered
1062,1210,4,15/08/17,17/08/17,18/08/17,2,6,Delivered
1063,198,4,16/08/17,19/08/17,19/08/17,3,8,Delivered
1064,898,4,16/08/17,18/08/17,19/08/17,3,9,Delivered
1065,25,4,17/08/17,19/08/17,19/08/17,2,7,Delivered
1066,106,4,17/08/17,20/08/17,19/08/17,2,7,Delivered
1067,225,4,17/08/17,19/08/17,19/08/17,2,7,Delivered
1068,453,4,17/08/17,20/08/17,19/08/17,2,7,Delivered
1069,493,4,17/08/17,19/08/17,18/08/17,2,6,Delivered
1070,596,4,17/08/17,20/08/17,18/08/17,2,7,Delivered
1071,602,4,17/08/17,20/08/17,18/08/17,3,8,Delivered
1072,47,3,18/08/17,18/08/17,NA,1,3,Shipped
1073,911,4,18/08/17,19/08/17,21/08/17,2,7,Delivered
1074,11,3,19/08/17,19/08/17,NA,2,6,Shipped
1075,1003,4,19/08/17,21/08/17,22/08/17,1,3,Delivered
1076,42,4,19/08/17,22/08/17,22/08/17,2,6,Delivered
1077,412,4,19/08/17,20/08/17,21/08/17,2,6,Delivered
1078,793,4,19/08/17,21/08/17,20/08/17,2,6,Delivered
1079,812,4,19/08/17,20/08/17,20/08/17,2,7,Delivered
1080,1086,4,19/08/17,20/08/17,20/08/17,2,7,Delivered
1081,1106,4,19/08/17,22/08/17,22/08/17,2,6,Delivered
1082,1327,4,20/08/17,22/08/17,21/08/17,2,6,Delivered
1083,1372,4,20/08/17,23/08/17,23/08/17,2,6,Delivered
1084,2,4,21/08/17,24/08/17,23/08/17,1,2,Delivered
1085,305,4,21/08/17,23/08/17,23/08/17,1,3,Delivered
1086,220,4,21/08/17,23/08/17,24/08/17,2,7,Delivered
1087,675,4,22/08/17,23/08/17,25/08/17,3,8,Delivered
1088,1160,4,22/08/17,23/08/17,23/08/17,3,8,Delivered
1089,46,3,23/08/17,23/08/17,NA,1,2,Shipped
1090,1427,4,24/08/17,26/08/17,26/08/17,1,2,Delivered
1091,1260,4,24/08/17,25/08/17,25/08/17,2,7,Delivered
1092,40,4,25/08/17,28/08/17,27/08/17,1,2,Delivered
1093,326,4,25/08/17,28/08/17,26/08/17,1,3,Delivered
1094,828,4,25/08/17,27/08/17,28/08/17,2,6,Delivered
1095,1382,4,26/08/17,28/08/17,27/08/17,3,9,Delivered
1096,589,4,27/08/17,29/08/17,29/08/17,1,2,Delivered
1097,1311,4,27/08/17,30/08/17,28/08/17,2,6,Delivered
1098,752,4,28/08/17,30/08/17,30/08/17,1,2,Delivered
1099,1128,4,28/08/17,29/08/17,30/08/17,2,6,Delivered
1100,1392,4,28/08/17,29/08/17,29/08/17,2,7,Delivered
1101,379,4,29/08/17,30/08/17,30/08/17,2,7,Delivered
1102,1317,4,29/08/17,31/08/17,31/08/17,2,6,Delivered
1103,1394,4,31/08/17,02/09/17,02/09/17,2,7,Delivered
1104,268,4,01/09/17,04/09/17,03/09/17,2,6,Delivered
1105,747,4,01/09/17,04/09/17,03/09/17,3,8,Delivered
1106,1009,4,02/09/17,04/09/17,04/09/17,2,6,Delivered
1107,1424,4,02/09/17,05/09/17,05/09/17,2,7,Delivered
1108,735,4,03/09/17,05/09/17,04/09/17,1,3,Delivered
1109,23,4,03/09/17,04/09/17,04/09/17,2,6,Delivered
1110,912,4,04/09/17,07/09/17,07/09/17,2,6,Delivered
1111,930,4,04/09/17,06/09/17,05/09/17,2,6,Delivered
1112,798,4,05/09/17,08/09/17,07/09/17,2,7,Delivered
1113,388,4,06/09/17,08/09/17,07/09/17,2,7,Delivered
1114,1036,4,06/09/17,08/09/17,08/09/17,2,6,Delivered
1115,1100,4,07/09/17,09/09/17,09/09/17,2,6,Delivered
1116,52,4,08/09/17,10/09/17,10/09/17,2,7,Delivered
1117,334,4,08/09/17,10/09/17,10/09/17,2,6,Delivered
1118,1023,4,08/09/17,11/09/17,11/09/17,2,6,Delivered
1119,749,4,10/09/17,12/09/17,13/09/17,1,2,Delivered
1120,1269,4,10/09/17,12/09/17,13/09/17,2,7,Delivered
1121,143,4,11/09/17,13/09/17,12/09/17,2,7,Delivered
1122,1132,4,12/09/17,14/09/17,14/09/17,2,6,Delivered
1123,598,4,13/09/17,14/09/17,14/09/17,2,7,Delivered
1124,275,4,13/09/17,14/09/17,16/09/17,3,9,Delivered
1125,945,4,14/09/17,15/09/17,15/09/17,2,7,Delivered
1126,1213,4,14/09/17,16/09/17,15/09/17,3,8,Delivered
1127,494,4,15/09/17,16/09/17,16/09/17,2,7,Delivered
1128,936,4,15/09/17,17/09/17,16/09/17,2,6,Delivered
1129,663,4,17/09/17,18/09/17,20/09/17,2,6,Delivered
1130,69,4,18/09/17,20/09/17,20/09/17,1,3,Delivered
1131,1178,4,18/09/17,20/09/17,19/09/17,1,3,Delivered
1132,351,4,19/09/17,20/09/17,20/09/17,2,6,Delivered
1133,517,4,19/09/17,21/09/17,21/09/17,2,7,Delivered
1134,978,4,19/09/17,22/09/17,20/09/17,2,6,Delivered
1135,1347,4,19/09/17,21/09/17,20/09/17,2,6,Delivered
1136,1050,4,20/09/17,21/09/17,21/09/17,2,6,Delivered
1137,810,4,20/09/17,23/09/17,23/09/17,3,8,Delivered
1138,254,4,21/09/17,23/09/17,22/09/17,1,2,Delivered
1139,1006,4,21/09/17,22/09/17,23/09/17,1,2,Delivered
1140,1063,4,21/09/17,22/09/17,22/09/17,3,8,Delivered
1141,1076,4,22/09/17,23/09/17,24/09/17,1,2,Delivered
1142,554,4,23/09/17,26/09/17,26/09/17,1,3,Delivered
1143,1087,4,24/09/17,26/09/17,27/09/17,1,2,Delivered
1144,1414,4,24/09/17,27/09/17,27/09/17,2,7,Delivered
1145,617,4,25/09/17,27/09/17,26/09/17,2,6,Delivered
1146,757,4,25/09/17,26/09/17,28/09/17,2,7,Delivered
1147,1344,4,25/09/17,26/09/17,27/09/17,2,6,Delivered
1148,1379,4,25/09/17,26/09/17,27/09/17,2,7,Delivered
1149,787,4,27/09/17,30/09/17,30/09/17,2,7,Delivered
1150,1183,4,28/09/17,01/10/17,30/09/17,2,7,Delivered
1151,708,4,29/09/17,30/09/17,30/09/17,1,3,Delivered
1152,1244,4,29/09/17,02/10/17,01/10/17,2,6,Delivered
1153,720,4,30/09/17,03/10/17,03/10/17,2,7,Delivered
1154,789,4,30/09/17,03/10/17,03/10/17,2,7,Delivered
1155,865,4,30/09/17,01/10/17,01/10/17,2,7,Delivered
1156,869,4,30/09/17,03/10/17,03/10/17,2,7,Delivered
1157,24,4,01/10/17,03/10/17,04/10/17,1,3,Delivered
1158,889,4,01/10/17,03/10/17,02/10/17,1,2,Delivered
1159,1221,4,01/10/17,02/10/17,03/10/17,1,3,Delivered
1160,1262,4,01/10/17,02/10/17,04/10/17,1,2,Delivered
1161,41,4,01/10/17,04/10/17,02/10/17,2,7,Delivered
1162,888,4,01/10/17,03/10/17,03/10/17,2,6,Delivered
1163,934,4,01/10/17,02/10/17,02/10/17,2,6,Delivered
1164,1067,4,01/10/17,02/10/17,03/10/17,2,6,Delivered
1165,652,4,02/10/17,03/10/17,05/10/17,2,7,Delivered
1166,286,4,03/10/17,04/10/17,04/10/17,2,7,Delivered
1167,900,4,04/10/17,07/10/17,06/10/17,1,2,Delivered
1168,1031,4,04/10/17,05/10/17,06/10/17,2,6,Delivered
1169,1421,4,04/10/17,06/10/17,07/10/17,2,7,Delivered
1170,534,4,05/10/17,07/10/17,06/10/17,2,6,Delivered
1171,826,4,05/10/17,06/10/17,08/10/17,2,6,Delivered
1172,1339,4,07/10/17,10/10/17,09/10/17,2,7,Delivered
1173,548,4,08/10/17,10/10/17,09/10/17,2,7,Delivered
1174,1109,4,08/10/17,10/10/17,11/10/17,2,6,Delivered
1175,292,4,09/10/17,11/10/17,12/10/17,2,6,Delivered
1176,1111,4,10/10/17,13/10/17,11/10/17,3,9,Delivered
1177,21,3,12/10/17,12/10/17,NA,3,9,Shipped
1178,771,4,12/10/17,15/10/17,13/10/17,2,6,Delivered
1179,1150,4,12/10/17,15/10/17,15/10/17,3,9,Delivered
1180,1065,4,13/10/17,16/10/17,16/10/17,1,3,Delivered
1181,1022,4,13/10/17,16/10/17,15/10/17,2,7,Delivered
1182,1422,4,13/10/17,14/10/17,16/10/17,2,7,Delivered
1183,216,4,14/10/17,17/10/17,17/10/17,2,6,Delivered
1184,369,4,14/10/17,15/10/17,16/10/17,2,6,Delivered
1185,960,4,14/10/17,16/10/17,17/10/17,2,6,Delivered
1186,1120,4,14/10/17,16/10/17,15/10/17,2,6,Delivered
1187,486,4,15/10/17,18/10/17,16/10/17,2,6,Delivered
1188,647,4,15/10/17,18/10/17,17/10/17,2,7,Delivered
1189,1090,4,15/10/17,17/10/17,18/10/17,2,6,Delivered
1190,34,4,16/10/17,19/10/17,17/10/17,2,6,Delivered
1191,186,4,17/10/17,18/10/17,18/10/17,2,6,Delivered
1192,1114,4,17/10/17,19/10/17,18/10/17,2,6,Delivered
1193,1412,4,17/10/17,19/10/17,19/10/17,2,7,Delivered
1194,192,4,19/10/17,22/10/17,22/10/17,1,2,Delivered
1195,229,4,19/10/17,21/10/17,21/10/17,2,7,Delivered
1196,508,4,19/10/17,21/10/17,20/10/17,2,6,Delivered
1197,269,4,21/10/17,23/10/17,23/10/17,2,6,Delivered
1198,1289,4,22/10/17,24/10/17,24/10/17,2,7,Delivered
1199,318,4,23/10/17,24/10/17,26/10/17,1,2,Delivered
1200,48,4,23/10/17,25/10/17,26/10/17,2,6,Delivered
1201,201,4,23/10/17,24/10/17,24/10/17,2,6,Delivered
1202,593,4,24/10/17,25/10/17,25/10/17,2,6,Delivered
1203,1191,4,25/10/17,27/10/17,26/10/17,2,7,Delivered
1204,1277,4,25/10/17,28/10/17,28/10/17,2,6,Delivered
1205,1091,4,26/10/17,28/10/17,28/10/17,1,2,Delivered
1206,222,4,26/10/17,29/10/17,29/10/17,2,6,Delivered
1207,1002,4,26/10/17,28/10/17,27/10/17,2,6,Delivered
1208,1226,4,26/10/17,28/10/17,27/10/17,2,7,Delivered
1209,1342,4,26/10/17,27/10/17,29/10/17,2,7,Delivered
1210,730,4,26/10/17,27/10/17,29/10/17,3,8,Delivered
1211,19,4,27/10/17,28/10/17,29/10/17,2,7,Delivered
1212,213,4,27/10/17,30/10/17,29/10/17,2,6,Delivered
1213,669,4,27/10/17,29/10/17,29/10/17,3,9,Delivered
1214,783,4,28/10/17,29/10/17,29/10/17,2,6,Delivered
1215,807,4,28/10/17,31/10/17,30/10/17,2,7,Delivered
1216,886,4,28/10/17,30/10/17,29/10/17,2,7,Delivered
1217,1155,4,28/10/17,31/10/17,30/10/17,2,7,Delivered
1218,1017,4,30/10/17,01/11/17,31/10/17,1,2,Delivered
1219,840,4,30/10/17,02/11/17,02/11/17,2,7,Delivered
1220,803,4,31/10/17,03/11/17,03/11/17,2,6,Delivered
1221,1290,4,31/10/17,02/11/17,01/11/17,2,7,Delivered
1222,482,4,01/11/17,04/11/17,03/11/17,3,9,Delivered
1223,1207,4,02/11/17,03/11/17,03/11/17,2,6,Delivered
1224,544,4,03/11/17,04/11/17,04/11/17,2,6,Delivered
1225,768,4,04/11/17,05/11/17,07/11/17,1,2,Delivered
1226,226,4,04/11/17,07/11/17,06/11/17,2,7,Delivered
1227,702,4,04/11/17,07/11/17,06/11/17,2,6,Delivered
1228,1041,4,04/11/17,06/11/17,06/11/17,2,6,Delivered
1229,89,4,05/11/17,08/11/17,06/11/17,1,3,Delivered
1230,1107,4,05/11/17,06/11/17,07/11/17,2,6,Delivered
1231,1180,4,05/11/17,07/11/17,06/11/17,2,6,Delivered
1232,665,4,06/11/17,07/11/17,09/11/17,1,3,Delivered
1233,462,4,06/11/17,07/11/17,08/11/17,2,6,Delivered
1234,19,3,07/11/17,07/11/17,NA,2,6,Shipped
1235,210,4,07/11/17,08/11/17,09/11/17,2,6,Delivered
1236,243,4,08/11/17,11/11/17,09/11/17,2,7,Delivered
1237,571,4,09/11/17,12/11/17,11/11/17,1,2,Delivered
1238,998,4,09/11/17,10/11/17,11/11/17,2,6,Delivered
1239,1197,4,09/11/17,10/11/17,11/11/17,2,7,Delivered
1240,903,4,10/11/17,11/11/17,11/11/17,2,7,Delivered
1241,1170,4,10/11/17,12/11/17,11/11/17,2,7,Delivered
1242,303,4,11/11/17,12/11/17,12/11/17,2,6,Delivered
1243,346,4,11/11/17,13/11/17,14/11/17,2,6,Delivered
1244,333,4,12/11/17,14/11/17,13/11/17,2,6,Delivered
1245,1166,4,13/11/17,16/11/17,14/11/17,2,7,Delivered
1246,1329,4,13/11/17,16/11/17,16/11/17,2,7,Delivered
1247,426,4,16/11/17,18/11/17,17/11/17,1,2,Delivered
1248,1367,4,16/11/17,17/11/17,18/11/17,1,3,Delivered
1249,545,4,17/11/17,18/11/17,20/11/17,2,6,Delivered
1250,1188,4,17/11/17,19/11/17,18/11/17,2,6,Delivered
1251,289,4,17/11/17,19/11/17,19/11/17,3,9,Delivered
1252,110,4,18/11/17,20/11/17,21/11/17,1,3,Delivered
1253,44,4,18/11/17,21/11/17,21/11/17,2,6,Delivered
1254,1098,4,18/11/17,19/11/17,19/11/17,2,7,Delivered
1255,375,4,19/11/17,20/11/17,21/11/17,2,6,Delivered
1256,458,4,19/11/17,20/11/17,22/11/17,2,6,Delivered
1257,1136,4,19/11/17,22/11/17,20/11/17,2,7,Delivered
1258,1099,4,20/11/17,21/11/17,22/11/17,2,7,Delivered
1259,4,3,21/11/17,21/11/17,NA,2,7,Shipped
1260,1117,4,22/11/17,23/11/17,24/11/17,2,6,Delivered
1261,435,4,23/11/17,25/11/17,24/11/17,2,7,Delivered
1262,509,4,23/11/17,26/11/17,26/11/17,2,6,Delivered
1263,1408,4,23/11/17,26/11/17,26/11/17,2,6,Delivered
1264,113,4,24/11/17,27/11/17,25/11/17,2,6,Delivered
1265,950,4,24/11/17,27/11/17,27/11/17,2,7,Delivered
1266,387,4,25/11/17,28/11/17,27/11/17,2,6,Delivered
1267,467,4,25/11/17,26/11/17,26/11/17,2,6,Delivered
1268,774,4,26/11/17,28/11/17,29/11/17,1,3,Delivered
1269,1236,4,26/11/17,29/11/17,29/11/17,2,6,Delivered
1270,1388,4,26/11/17,29/11/17,29/11/17,2,6,Delivered
1271,734,4,27/11/17,30/11/17,30/11/17,2,6,Delivered
1272,935,4,27/11/17,29/11/17,30/11/17,2,6,Delivered
1273,1268,4,27/11/17,29/11/17,29/11/17,2,6,Delivered
1274,1364,4,28/11/17,29/11/17,01/12/17,2,7,Delivered
1275,165,4,29/11/17,01/12/17,30/11/17,1,2,Delivered
1276,893,4,30/11/17,03/12/17,02/12/17,2,6,Delivered
1277,227,4,01/12/17,04/12/17,02/12/17,2,6,Delivered
1278,980,4,01/12/17,02/12/17,04/12/17,2,7,Delivered
1279,1014,4,01/12/17,04/12/17,03/12/17,2,6,Delivered
1280,123,4,01/12/17,03/12/17,03/12/17,3,9,Delivered
1281,1060,4,02/12/17,05/12/17,05/12/17,2,6,Delivered
1282,320,4,03/12/17,05/12/17,05/12/17,2,6,Delivered
1283,85,4,04/12/17,07/12/17,07/12/17,2,7,Delivered
1284,128,4,04/12/17,06/12/17,07/12/17,2,7,Delivered
1285,262,4,04/12/17,07/12/17,07/12/17,2,7,Delivered
1286,1033,4,04/12/17,07/12/17,06/12/17,2,7,Delivered
1287,279,4,07/12/17,10/12/17,09/12/17,1,3,Delivered
1288,778,4,07/12/17,10/12/17,09/12/17,3,9,Delivered
1289,1292,4,08/12/17,11/12/17,10/12/17,1,3,Delivered
1290,967,4,08/12/17,10/12/17,10/12/17,2,6,Delivered
1291,1284,4,09/12/17,11/12/17,12/12/17,2,6,Delivered
1292,285,4,10/12/17,13/12/17,11/12/17,2,6,Delivered
1293,1401,4,10/12/17,12/12/17,11/12/17,2,7,Delivered
1294,947,4,11/12/17,13/12/17,14/12/17,1,2,Delivered
1295,37,4,11/12/17,12/12/17,14/12/17,2,7,Delivered
1296,231,4,14/12/17,17/12/17,15/12/17,1,3,Delivered
1297,108,4,14/12/17,17/12/17,16/12/17,2,6,Delivered
1298,533,4,14/12/17,17/12/17,16/12/17,3,9,Delivered
1299,1216,4,15/12/17,18/12/17,16/12/17,1,2,Delivered
1300,824,4,15/12/17,17/12/17,17/12/17,2,6,Delivered
1301,1088,4,16/12/17,19/12/17,19/12/17,1,3,Delivered
1302,322,4,16/12/17,18/12/17,19/12/17,2,7,Delivered
1303,878,4,16/12/17,19/12/17,18/12/17,2,7,Delivered
1304,1409,4,16/12/17,17/12/17,17/12/17,2,6,Delivered
1305,257,4,17/12/17,19/12/17,18/12/17,2,7,Delivered
1306,28,4,20/12/17,21/12/17,22/12/17,2,6,Delivered
1307,1384,4,22/12/17,23/12/17,25/12/17,1,2,Delivered
1308,713,4,22/12/17,24/12/17,24/12/17,2,7,Delivered
1309,821,4,22/12/17,25/12/17,24/12/17,2,6,Delivered
1310,444,4,24/12/17,25/12/17,26/12/17,1,3,Delivered
1311,1021,4,24/12/17,26/12/17,27/12/17,2,6,Delivered
1312,311,4,25/12/17,28/12/17,26/12/17,1,3,Delivered
1313,1294,4,25/12/17,27/12/17,27/12/17,1,3,Delivered
1314,1027,4,25/12/17,26/12/17,28/12/17,2,7,Delivered
1315,931,4,25/12/17,27/12/17,28/12/17,3,9,Delivered
1316,846,4,26/12/17,29/12/17,27/12/17,1,3,Delivered
1317,418,4,27/12/17,28/12/17,29/12/17,1,3,Delivered
1318,75,4,27/12/17,30/12/17,29/12/17,2,6,Delivered
1319,604,4,27/12/17,30/12/17,30/12/17,2,6,Delivered
1320,244,4,28/12/17,30/12/17,29/12/17,1,3,Delivered
1321,217,4,30/12/17,31/12/17,31/12/17,1,3,Delivered
1322,39,4,31/12/17,03/01/18,02/01/18,2,7,Delivered
1323,273,4,31/12/17,01/01/18,01/01/18,2,6,Delivered
1324,862,4,01/01/18,04/01/18,03/01/18,2,6,Delivered
1325,68,4,01/01/18,02/01/18,03/01/18,3,8,Delivered
1326,567,4,01/01/18,03/01/18,02/01/18,3,9,Delivered
1327,1026,4,02/01/18,03/01/18,05/01/18,2,6,Delivered
1328,1083,4,02/01/18,03/01/18,03/01/18,2,6,Delivered
1329,443,4,04/01/18,05/01/18,06/01/18,1,3,Delivered
1330,761,4,04/01/18,05/01/18,07/01/18,2,7,Delivered
1331,1122,4,05/01/18,06/01/18,08/01/18,2,6,Delivered
1332,256,4,06/01/18,07/01/18,09/01/18,2,7,Delivered
1333,203,4,06/01/18,07/01/18,07/01/18,3,8,Delivered
1334,425,4,07/01/18,09/01/18,10/01/18,2,6,Delivered
1335,955,4,07/01/18,08/01/18,08/01/18,2,7,Delivered
1336,904,4,09/01/18,10/01/18,12/01/18,1,2,Delivered
1337,970,4,09/01/18,12/01/18,12/01/18,2,7,Delivered
1338,905,4,10/01/18,11/01/18,13/01/18,2,6,Delivered
1339,580,4,11/01/18,14/01/18,13/01/18,1,3,Delivered
1340,1066,4,12/01/18,13/01/18,13/01/18,1,3,Delivered
1341,1258,4,12/01/18,13/01/18,14/01/18,2,7,Delivered
1342,1393,4,12/01/18,13/01/18,15/01/18,2,7,Delivered
1343,594,4,13/01/18,15/01/18,14/01/18,2,6,Delivered
1344,916,4,13/01/18,16/01/18,15/01/18,2,6,Delivered
1345,1037,4,14/01/18,15/01/18,15/01/18,2,6,Delivered
1346,136,4,14/01/18,15/01/18,15/01/18,3,8,Delivered
1347,247,4,15/01/18,18/01/18,18/01/18,1,2,Delivered
1348,1214,4,15/01/18,17/01/18,17/01/18,1,2,Delivered
1349,464,4,15/01/18,17/01/18,16/01/18,2,6,Delivered
1350,637,4,15/01/18,18/01/18,17/01/18,2,7,Delivered
1351,1016,4,16/01/18,19/01/18,19/01/18,2,7,Delivered
1352,1433,4,16/01/18,18/01/18,18/01/18,2,6,Delivered
1353,502,4,17/01/18,19/01/18,18/01/18,2,6,Delivered
1354,476,4,19/01/18,20/01/18,21/01/18,1,3,Delivered
1355,1010,4,19/01/18,21/01/18,20/01/18,2,7,Delivered
1356,1161,4,19/01/18,21/01/18,22/01/18,2,6,Delivered
1357,440,4,20/01/18,23/01/18,21/01/18,2,6,Delivered
1358,253,4,21/01/18,23/01/18,24/01/18,1,2,Delivered
1359,1008,4,21/01/18,22/01/18,22/01/18,3,9,Delivered
1360,71,4,22/01/18,25/01/18,24/01/18,2,6,Delivered
1361,1084,4,22/01/18,24/01/18,23/01/18,2,7,Delivered
1362,310,4,23/01/18,24/01/18,25/01/18,2,6,Delivered
1363,860,4,24/01/18,25/01/18,25/01/18,2,6,Delivered
1364,122,4,25/01/18,28/01/18,28/01/18,2,6,Delivered
1365,689,4,25/01/18,28/01/18,27/01/18,2,7,Delivered
1366,1441,4,26/01/18,27/01/18,28/01/18,2,6,Delivered
1367,1118,4,27/01/18,28/01/18,28/01/18,1,3,Delivered
1368,765,4,27/01/18,28/01/18,29/01/18,2,6,Delivered
1369,92,4,28/01/18,30/01/18,30/01/18,2,6,Delivered
1370,115,4,28/01/18,29/01/18,29/01/18,2,7,Delivered
1371,937,4,29/01/18,30/01/18,01/02/18,2,7,Delivered
1372,1013,4,29/01/18,01/02/18,30/01/18,2,6,Delivered
1373,427,4,29/01/18,31/01/18,31/01/18,3,9,Delivered
1374,1330,4,30/01/18,01/02/18,01/02/18,1,3,Delivered
1375,312,4,30/01/18,01/02/18,01/02/18,3,8,Delivered
1376,1186,4,01/02/18,02/02/18,03/02/18,1,2,Delivered
1377,1007,4,01/02/18,03/02/18,03/02/18,2,7,Delivered
1378,983,4,02/02/18,05/02/18,04/02/18,1,2,Delivered
1379,1256,4,02/02/18,05/02/18,05/02/18,2,6,Delivered
1380,818,4,05/02/18,08/02/18,08/02/18,1,3,Delivered
1381,680,4,05/02/18,06/02/18,08/02/18,2,7,Delivered
1382,1303,4,06/02/18,09/02/18,08/02/18,2,6,Delivered
1383,488,4,07/02/18,08/02/18,08/02/18,1,3,Delivered
1384,1126,4,08/02/18,10/02/18,09/02/18,2,7,Delivered
1385,866,4,08/02/18,11/02/18,09/02/18,3,9,Delivered
1386,1254,4,09/02/18,10/02/18,11/02/18,1,2,Delivered
1387,11,4,09/02/18,11/02/18,11/02/18,2,7,Delivered
1388,323,4,09/02/18,12/02/18,12/02/18,2,7,Delivered
1389,491,4,11/02/18,12/02/18,14/02/18,2,7,Delivered
1390,63,4,12/02/18,13/02/18,13/02/18,2,7,Delivered
1391,914,4,13/02/18,14/02/18,14/02/18,2,7,Delivered
1392,1187,4,13/02/18,14/02/18,14/02/18,2,6,Delivered
1393,547,4,14/02/18,15/02/18,15/02/18,2,7,Delivered
1394,906,4,14/02/18,16/02/18,16/02/18,3,8,Delivered
1395,1052,4,15/02/18,18/02/18,16/02/18,1,3,Delivered
1396,856,4,15/02/18,18/02/18,16/02/18,2,7,Delivered
1397,920,4,15/02/18,17/02/18,16/02/18,2,6,Delivered
1398,1383,4,16/02/18,19/02/18,19/02/18,1,3,Delivered
1399,146,4,16/02/18,18/02/18,18/02/18,2,6,Delivered
1400,987,4,17/02/18,18/02/18,18/02/18,2,6,Delivered
1401,15,4,18/02/18,19/02/18,20/02/18,2,7,Delivered
1402,1171,4,19/02/18,21/02/18,21/02/18,2,6,Delivered
1403,452,4,21/02/18,22/02/18,22/02/18,2,7,Delivered
1404,1240,4,23/02/18,26/02/18,24/02/18,1,3,Delivered
1405,100,4,25/02/18,28/02/18,27/02/18,2,6,Delivered
1406,1053,4,25/02/18,27/02/18,27/02/18,2,7,Delivered
1407,18,3,26/02/18,26/02/18,NA,2,6,Shipped
1408,1172,4,26/02/18,27/02/18,01/03/18,2,6,Delivered
1409,21,4,26/02/18,28/02/18,28/02/18,3,8,Delivered
1410,1005,4,27/02/18,28/02/18,28/02/18,2,7,Delivered
1411,109,4,01/03/18,02/03/18,02/03/18,1,2,Delivered
1412,1043,4,01/03/18,02/03/18,04/03/18,2,7,Delivered
1413,56,4,01/03/18,03/03/18,04/03/18,3,8,Delivered
1414,293,4,03/03/18,05/03/18,06/03/18,2,7,Delivered
1415,839,4,03/03/18,04/03/18,05/03/18,2,7,Delivered
1416,566,4,03/03/18,04/03/18,06/03/18,3,8,Delivered
1417,300,4,04/03/18,06/03/18,07/03/18,1,2,Delivered
1418,364,4,04/03/18,05/03/18,07/03/18,2,6,Delivered
1419,474,4,04/03/18,07/03/18,07/03/18,2,6,Delivered
1420,838,4,04/03/18,05/03/18,07/03/18,2,7,Delivered
1421,1176,4,05/03/18,07/03/18,07/03/18,2,7,Delivered
1422,599,4,05/03/18,06/03/18,08/03/18,3,8,Delivered
1423,1231,4,06/03/18,07/03/18,07/03/18,1,2,Delivered
1424,1445,4,07/03/18,10/03/18,10/03/18,1,2,Delivered
1425,126,4,07/03/18,09/03/18,09/03/18,2,6,Delivered
1426,938,4,07/03/18,08/03/18,10/03/18,2,6,Delivered
1427,999,4,07/03/18,08/03/18,08/03/18,2,6,Delivered
1428,195,4,08/03/18,10/03/18,11/03/18,2,7,Delivered
1429,1116,4,08/03/18,09/03/18,09/03/18,2,6,Delivered
1430,1239,4,10/03/18,13/03/18,11/03/18,2,7,Delivered
1431,308,4,11/03/18,12/03/18,14/03/18,2,6,Delivered
1432,483,4,11/03/18,12/03/18,14/03/18,2,6,Delivered
1433,1142,4,11/03/18,13/03/18,12/03/18,2,7,Delivered
1434,595,4,14/03/18,16/03/18,16/03/18,2,6,Delivered
1435,744,4,14/03/18,15/03/18,16/03/18,2,6,Delivered
1436,1044,4,14/03/18,17/03/18,16/03/18,2,6,Delivered
1437,518,4,15/03/18,16/03/18,16/03/18,1,2,Delivered
1438,263,4,15/03/18,17/03/18,16/03/18,2,6,Delivered
1439,463,4,15/03/18,16/03/18,17/03/18,2,7,Delivered
1440,859,4,15/03/18,18/03/18,16/03/18,3,8,Delivered
1441,982,4,15/03/18,16/03/18,18/03/18,3,8,Delivered
1442,478,4,16/03/18,17/03/18,17/03/18,2,7,Delivered
1443,972,4,16/03/18,17/03/18,17/03/18,2,7,Delivered
1444,1154,4,16/03/18,17/03/18,19/03/18,2,6,Delivered
1445,515,4,17/03/18,18/03/18,20/03/18,2,7,Delivered
1446,820,4,17/03/18,18/03/18,18/03/18,2,6,Delivered
1447,1419,4,18/03/18,20/03/18,20/03/18,1,3,Delivered
1448,228,4,18/03/18,19/03/18,21/03/18,2,6,Delivered
1449,330,4,18/03/18,19/03/18,20/03/18,2,7,Delivered
1450,296,4,19/03/18,20/03/18,22/03/18,2,7,Delivered
1451,822,4,19/03/18,22/03/18,20/03/18,2,6,Delivered
1452,287,4,20/03/18,23/03/18,23/03/18,1,3,Delivered
1453,601,4,20/03/18,23/03/18,22/03/18,1,3,Delivered
1454,395,4,20/03/18,21/03/18,22/03/18,2,6,Delivered
1455,405,4,20/03/18,22/03/18,21/03/18,2,6,Delivered
1456,754,4,20/03/18,21/03/18,23/03/18,2,7,Delivered
1457,1411,4,20/03/18,23/03/18,23/03/18,2,6,Delivered
1458,1029,4,20/03/18,22/03/18,21/03/18,3,8,Delivered
1459,9,4,21/03/18,22/03/18,22/03/18,2,7,Delivered
1460,1131,4,21/03/18,23/03/18,23/03/18,2,7,Delivered
1461,139,4,22/03/18,25/03/18,23/03/18,2,6,Delivered
1462,1101,4,22/03/18,24/03/18,24/03/18,2,6,Delivered
1463,692,4,23/03/18,24/03/18,24/03/18,2,7,Delivered
1464,1279,4,24/03/18,25/03/18,25/03/18,2,7,Delivered
1465,623,4,25/03/18,28/03/18,28/03/18,2,7,Delivered
1466,738,4,26/03/18,29/03/18,28/03/18,1,3,Delivered
1467,152,4,26/03/18,27/03/18,29/03/18,2,7,Delivered
1468,3,4,27/03/18,30/03/18,29/03/18,1,2,Delivered
1469,1135,4,27/03/18,28/03/18,30/03/18,3,8,Delivered
1470,505,4,28/03/18,31/03/18,31/03/18,2,7,Delivered
1471,1310,4,28/03/18,30/03/18,29/03/18,2,7,Delivered
1472,114,4,29/03/18,30/03/18,31/03/18,2,6,Delivered
1473,302,4,30/03/18,01/04/18,02/04/18,1,2,Delivered
1474,816,4,30/03/18,01/04/18,02/04/18,1,3,Delivered
1475,112,4,30/03/18,01/04/18,31/03/18,2,6,Delivered
1476,35,4,31/03/18,01/04/18,01/04/18,2,7,Delivered
1477,180,4,31/03/18,03/04/18,01/04/18,2,6,Delivered
1478,392,4,31/03/18,02/04/18,02/04/18,2,6,Delivered
1479,23,2,01/04/18,01/04/18,NA,2,7,Processing
1480,27,2,01/04/18,01/04/18,NA,2,7,Processing
1481,62,1,01/04/18,01/04/18,NA,2,6,Order Places
1482,94,1,01/04/18,01/04/18,NA,2,7,Order Places
1483,15,1,02/04/18,02/04/18,NA,2,7,Order Places
1484,35,2,02/04/18,02/04/18,NA,2,6,Processing
1485,51,2,02/04/18,02/04/18,NA,2,7,Processing
1486,84,2,02/04/18,02/04/18,NA,2,7,Processing
1487,33,1,03/04/18,03/04/18,NA,1,3,Order Places
1488,181,2,03/04/18,03/04/18,NA,1,3,Processing
1489,194,1,03/04/18,03/04/18,NA,1,3,Order Places
1490,217,2,03/04/18,03/04/18,NA,1,3,Processing
1491,82,1,04/04/18,04/04/18,NA,1,3,Order Places
1492,41,1,04/04/18,04/04/18,NA,2,7,Order Places
1493,64,2,04/04/18,04/04/18,NA,3,8,Processing
1494,69,2,05/04/18,05/04/18,NA,1,3,Processing
1495,86,2,05/04/18,05/04/18,NA,2,7,Processing
1496,3,1,06/04/18,06/04/18,NA,1,3,Order Places
1497,31,2,06/04/18,06/04/18,NA,1,2,Processing
1498,81,1,06/04/18,06/04/18,NA,1,2,Order Places
1499,120,2,06/04/18,06/04/18,NA,1,2,Processing
1500,151,2,06/04/18,06/04/18,NA,1,3,Processing
1501,52,1,06/04/18,06/04/18,NA,2,6,Order Places
1502,83,2,06/04/18,06/04/18,NA,2,6,Processing
1503,208,2,07/04/18,07/04/18,NA,1,3,Processing
1504,237,2,08/04/18,08/04/18,NA,1,2,Processing
1505,22,1,08/04/18,08/04/18,NA,2,7,Order Places
1506,75,1,08/04/18,08/04/18,NA,2,7,Order Places
1507,85,2,08/04/18,08/04/18,NA,2,6,Processing
1508,92,2,08/04/18,08/04/18,NA,2,6,Processing
1509,2,1,09/04/18,09/04/18,NA,1,3,Order Places
1510,16,2,09/04/18,09/04/18,NA,2,6,Processing
1511,25,1,09/04/18,09/04/18,NA,2,6,Order Places
1512,68,1,09/04/18,09/04/18,NA,3,9,Order Places
1513,32,2,10/04/18,10/04/18,NA,1,2,Processing
1514,87,2,10/04/18,10/04/18,NA,1,3,Processing
1515,61,1,10/04/18,10/04/18,NA,3,9,Order Places
1516,47,2,11/04/18,11/04/18,NA,1,3,Processing
1517,97,1,11/04/18,11/04/18,NA,1,2,Order Places
1518,175,1,11/04/18,11/04/18,NA,1,2,Order Places
1519,26,2,11/04/18,11/04/18,NA,2,7,Processing
1520,66,2,11/04/18,11/04/18,NA,3,8,Processing
1521,53,1,12/04/18,12/04/18,NA,1,3,Order Places
1522,78,1,12/04/18,12/04/18,NA,1,3,Order Places
1523,8,1,12/04/18,12/04/18,NA,2,7,Order Places
1524,37,1,12/04/18,12/04/18,NA,2,6,Order Places
1525,38,2,12/04/18,12/04/18,NA,2,7,Processing
1526,59,2,12/04/18,12/04/18,NA,2,7,Processing
1527,13,2,12/04/18,12/04/18,NA,3,9,Processing
1528,20,1,12/04/18,12/04/18,NA,3,8,Order Places
1529,50,1,12/04/18,12/04/18,NA,3,8,Order Places
1530,110,1,13/04/18,13/04/18,NA,1,2,Order Places
1531,233,1,13/04/18,13/04/18,NA,1,2,Order Places
1532,7,2,13/04/18,13/04/18,NA,2,7,Processing
1533,28,2,13/04/18,13/04/18,NA,2,6,Processing
1534,18,2,14/04/18,14/04/18,NA,2,7,Processing
1535,19,2,14/04/18,14/04/18,NA,2,7,Processing
1536,34,2,14/04/18,14/04/18,NA,2,7,Processing
1537,36,1,15/04/18,15/04/18,NA,2,6,Order Places
1538,79,2,15/04/18,15/04/18,NA,2,6,Processing
1539,116,1,15/04/18,15/04/18,NA,3,9,Order Places
1540,187,1,16/04/18,16/04/18,NA,1,2,Order Places
1541,10,2,16/04/18,16/04/18,NA,2,7,Processing
1542,58,2,16/04/18,16/04/18,NA,2,6,Processing
1543,76,1,16/04/18,16/04/18,NA,2,6,Order Places
1544,5,1,17/04/18,17/04/18,NA,1,2,Order Places
1545,67,1,17/04/18,17/04/18,NA,1,3,Order Places
1546,91,2,17/04/18,17/04/18,NA,1,3,Processing
1547,169,1,17/04/18,17/04/18,NA,1,3,Order Places
1548,170,1,17/04/18,17/04/18,NA,1,2,Order Places
1549,17,1,17/04/18,17/04/18,NA,2,7,Order Places
1550,39,1,17/04/18,17/04/18,NA,2,6,Order Places
1551,70,1,17/04/18,17/04/18,NA,2,7,Order Places
1552,73,1,17/04/18,17/04/18,NA,2,7,Order Places
1553,30,2,18/04/18,18/04/18,NA,1,3,Processing
1554,172,1,18/04/18,18/04/18,NA,1,3,Order Places
1555,1,1,18/04/18,18/04/18,NA,2,7,Order Places
1556,4,2,18/04/18,18/04/18,NA,2,6,Processing
1557,121,2,19/04/18,19/04/18,NA,1,3,Processing
1558,63,1,19/04/18,19/04/18,NA,2,6,Order Places
1559,42,2,20/04/18,20/04/18,NA,2,6,Processing
1560,57,1,20/04/18,20/04/18,NA,2,7,Order Places
1561,65,2,20/04/18,20/04/18,NA,2,7,Processing
1562,88,1,20/04/18,20/04/18,NA,2,7,Order Places
1563,77,2,20/04/18,20/04/18,NA,3,9,Processing
1564,46,1,21/04/18,21/04/18,NA,1,3,Order Places
1565,60,2,21/04/18,21/04/18,NA,1,2,Processing
1566,72,1,21/04/18,21/04/18,NA,1,3,Order Places
1567,89,2,21/04/18,21/04/18,NA,1,2,Processing
1568,192,2,21/04/18,21/04/18,NA,1,3,Processing
1569,29,2,22/04/18,22/04/18,NA,2,7,Processing
1570,54,2,22/04/18,22/04/18,NA,2,7,Processing
1571,80,1,22/04/18,22/04/18,NA,2,7,Order Places
1572,14,1,22/04/18,22/04/18,NA,3,9,Order Places
1573,24,2,23/04/18,23/04/18,NA,1,2,Processing
1574,124,1,23/04/18,23/04/18,NA,1,2,Order Places
1575,224,2,23/04/18,23/04/18,NA,1,3,Processing
1576,12,2,23/04/18,23/04/18,NA,2,7,Processing
1577,48,1,23/04/18,23/04/18,NA,2,7,Order Places
1578,93,2,23/04/18,23/04/18,NA,2,7,Processing
1579,104,2,24/04/18,24/04/18,NA,1,2,Processing
1580,191,2,24/04/18,24/04/18,NA,1,2,Processing
1581,188,2,25/04/18,25/04/18,NA,1,2,Processing
1582,240,1,25/04/18,25/04/18,NA,1,3,Order Places
1583,44,1,25/04/18,25/04/18,NA,2,6,Order Places
1584,109,2,26/04/18,26/04/18,NA,1,3,Processing
1585,157,1,26/04/18,26/04/18,NA,1,3,Order Places
1586,176,1,26/04/18,26/04/18,NA,1,2,Order Places
1587,231,2,26/04/18,26/04/18,NA,1,2,Processing
1588,11,1,26/04/18,26/04/18,NA,2,6,Order Places
1589,40,2,27/04/18,27/04/18,NA,1,3,Processing
1590,138,1,27/04/18,27/04/18,NA,1,3,Order Places
1591,165,2,27/04/18,27/04/18,NA,1,2,Processing
1592,6,2,27/04/18,27/04/18,NA,2,7,Processing
1593,9,1,27/04/18,27/04/18,NA,2,6,Order Places
1594,45,1,28/04/18,28/04/18,NA,2,7,Order Places
1595,71,2,28/04/18,28/04/18,NA,2,7,Processing
1596,21,2,28/04/18,28/04/18,NA,3,8,Processing
1597,56,1,28/04/18,28/04/18,NA,3,9,Order Places
1598,239,2,29/04/18,29/04/18,NA,1,3,Processing
1599,49,1,29/04/18,29/04/18,NA,2,7,Order Places
1600,90,1,29/04/18,29/04/18,NA,2,6,Order Places
1601,43,1,29/04/18,29/04/18,NA,3,8,Order Places
1602,55,1,30/04/18,30/04/18,NA,2,6,Order Places
1603,74,2,30/04/18,30/04/18,NA,2,6,Processing
1604,7,3,17/06/18,17/06/18,NA,2,7,Shipped
1605,123,3,01/07/18,01/07/18,NA,3,8,Shipped
1606,119,3,10/07/18,10/07/18,NA,3,8,Shipped
1607,33,3,11/07/18,11/07/18,NA,1,2,Shipped
1608,53,3,12/07/18,12/07/18,NA,1,2,Shipped
1609,10,3,23/08/18,23/08/18,NA,2,7,Shipped
1610,15,3,25/08/18,25/08/18,NA,2,7,Shipped
1611,6,3,06/09/18,06/09/18,NA,2,7,Shipped
1612,3,3,21/10/18,21/10/18,NA,1,3,Shipped
1613,1,3,18/11/18,18/11/18,NA,2,6,Shipped
1614,135,3,28/11/18,28/11/18,NA,3,8,Shipped
1615,136,3,28/12/18,28/12/18,NA,3,8,Shipped